id,aircraft_registration_number,aircraft_type,flight_number,departure_airport,departure_datetime,arrival_airport,arrival_datetime
1,ZX-IKD,350,M645,HEL,2024-01-02 21:46:27,DXB,2024-01-03 02:31:27
2,ZW-TNZ,787,K319,SFO,2023-03-25 15:55:27,DXB,2023-03-25 17:53:27
3,AT-DKP,320,U140,OUL,2023-04-17 07:18:27,CDG,2023-04-17 11:02:27
4,MZ-ZCP,320,J630,HND,2023-08-21 06:15:27,CDG,2023-08-21 07:53:27
5,ZT-GYN,350,V456,CDG,2024-01-05 06:13:27,SFO,2024-01-05 16:37:27
6,RX-JGD,350,Q321,HND,2023-10-10 20:57:27,CDG,2023-10-11 00:24:27
7,RT-API,320,W127,JFK,2023-10-08 10:42:27,AMS,2023-10-09 00:28:27
8,OT-GOS,350,S901,HEL,2024-01-03 21:23:27,LHR,2024-01-03 22:42:27
9,EG-HRT,787,G443,LHR,2023-03-08 23:15:27,DXB,2023-03-09 11:26:27
10,YX-BNR,320,U466,LHR,2023-06-05 11:37:27,SFO,2023-06-05 22:41:27
11,AP-ZYN,787,P276,DXB,2023-10-19 01:17:27,HEL,2023-10-19 10:45:27
12,IQ-WLZ,350,M760,CDG,2023-11-04 05:24:27,OUL,2023-11-04 10:28:27
13,GU-HLG,320,V762,DXB,2024-01-28 04:32:27,HND,2024-01-28 07:02:27
14,RM-CEZ,350,T920,LHR,2023-12-27 22:17:27,OUL,2023-12-28 03:02:27
15,RH-HUP,787,U222,FRA,2023-03-07 11:22:27,LHR,2023-03-07 17:19:27
16,UU-KRY,320,Y516,JFK,2023-06-13 10:00:27,OUL,2023-06-13 13:29:27
17,FW-YFC,787,Y469,LHR,2023-11-15 00:23:27,AMS,2023-11-15 02:43:27
18,SB-VRD,787,M414,OUL,2023-11-13 11:04:27,SFO,2023-11-13 21:37:27
19,NC-GHF,320,R891,JFK,2023-08-27 07:02:27,HEL,2023-08-27 09:24:27
20,LT-OGA,787,A600,AMS,2023-12-22 20:13:27,LHR,2023-12-23 01:48:27
21,MV-GWX,320,E310,OUL,2023-12-04 11:10:27,CDG,2023-12-04 12:40:27
22,HW-UWW,787,Q218,FRA,2023-04-24 22:51:27,HEL,2023-04-25 01:09:27
23,HO-JEF,787,T987,HEL,2023-08-19 17:13:27,DXB,2023-08-19 20:27:27
24,TJ-MTD,320,M516,HND,2023-03-30 09:49:27,AMS,2023-03-30 20:23:27
25,BZ-DJK,787,Z246,OUL,2023-03-24 05:36:27,HND,2023-03-24 08:49:27
26,IG-XJC,320,F704,FRA,2024-01-05 12:50:27,CDG,2024-01-05 23:07:27
27,JR-JIR,320,L742,DXB,2023-08-04 10:29:27,AMS,2023-08-04 18:28:27
28,CN-ZGY,320,E997,CDG,2023-05-05 15:09:27,JFK,2023-05-06 02:12:27
29,PC-FJV,350,L477,CDG,2024-02-17 14:05:27,FRA,2024-02-17 20:03:27
30,BN-EGZ,350,S658,JFK,2023-07-19 08:10:27,CDG,2023-07-19 10:33:27
31,VK-YZJ,350,T875,LHR,2023-07-27 11:17:27,JFK,2023-07-27 17:11:27
32,VT-BLA,350,I410,HND,2023-04-01 14:23:27,AMS,2023-04-01 23:52:27
33,TT-UFO,320,T762,HND,2023-12-02 09:37:27,HEL,2023-12-02 17:58:27
34,HT-UMT,787,R832,HEL,2023-11-16 12:54:27,DXB,2023-11-16 21:15:27
35,SK-ZQP,320,O256,HND,2023-08-25 03:47:27,OUL,2023-08-25 06:22:27
36,XY-VKE,787,S691,HEL,2023-10-29 14:59:27,CDG,2023-10-29 19:08:27
37,XC-IDP,787,I570,FRA,2023-12-29 18:52:27,AMS,2023-12-29 21:24:27
38,WV-EPN,320,G927,FRA,2023-02-28 16:09:27,SFO,2023-02-28 18:54:27
39,OZ-AGS,320,W244,AMS,2023-07-09 07:31:27,FRA,2023-07-09 14:06:27
40,HA-VHV,320,Q444,HND,2023-09-19 14:47:27,HEL,2023-09-20 03:38:27
41,WT-HZI,787,T335,AMS,2023-06-01 12:48:27,HEL,2023-06-01 19:02:27
42,QJ-VDX,350,F414,LHR,2023-12-08 03:19:27,HEL,2023-12-08 07:43:27
43,DM-XAI,350,D789,HEL,2024-01-08 09:44:27,HND,2024-01-08 16:58:27
44,RB-LQB,320,T875,OUL,2023-05-29 23:38:27,HND,2023-05-30 08:46:27
45,VW-QTI,350,W906,HEL,2023-12-13 16:01:27,DXB,2023-12-13 21:38:27
46,UH-ZKJ,350,R993,HND,2023-05-02 16:49:27,DXB,2023-05-03 04:03:27
47,PA-LNU,787,D450,HND,2023-04-20 18:07:27,HEL,2023-04-20 20:11:27
48,CM-LXJ,350,D979,LHR,2023-06-05 18:15:27,DXB,2023-06-06 00:42:27
49,IE-HJA,320,O992,FRA,2023-12-15 17:03:27,AMS,2023-12-15 19:25:27
50,YD-TSP,320,T665,HEL,2023-06-25 22:59:27,OUL,2023-06-26 04:49:27
51,QI-ACX,787,L106,FRA,2023-11-10 22:30:27,AMS,2023-11-11 08:08:27
52,KS-ZYN,320,D250,LHR,2023-06-20 18:57:27,HEL,2023-06-21 01:28:27
53,ZV-HKF,787,Z700,JFK,2023-10-23 14:01:27,DXB,2023-10-23 23:08:27
54,EI-UGU,350,T956,LHR,2023-05-28 01:37:27,CDG,2023-05-28 11:29:27
55,QT-ZVU,320,N631,CDG,2023-04-20 15:43:27,AMS,2023-04-20 19:13:27
56,VU-UZG,350,K255,OUL,2024-01-22 02:00:27,AMS,2024-01-22 15:58:27
57,NU-WWV,320,G320,CDG,2023-10-03 10:25:27,LHR,2023-10-03 14:59:27
58,BB-CDQ,320,V493,AMS,2023-12-28 12:06:27,HND,2023-12-28 16:57:27
59,OC-EQD,787,D434,HND,2023-06-18 11:58:27,SFO,2023-06-19 00:05:27
60,SQ-UXC,787,F394,JFK,2023-03-09 04:15:27,FRA,2023-03-09 08:51:27
61,ZE-RSH,787,W111,SFO,2024-01-31 05:27:27,LHR,2024-01-31 07:36:27
62,FS-GFS,350,V989,AMS,2024-01-14 08:19:27,HEL,2024-01-14 18:32:27
63,DL-XQS,320,V436,CDG,2023-05-04 17:49:27,SFO,2023-05-04 21:12:27
64,NS-HMB,787,V742,HEL,2023-08-02 05:05:27,DXB,2023-08-02 14:42:27
65,UR-SQG,320,M939,OUL,2023-10-14 00:52:27,DXB,2023-10-14 05:44:27
66,ES-LSL,350,G570,OUL,2023-07-01 14:18:27,SFO,2023-07-01 18:08:27
67,RI-UFH,320,O446,LHR,2023-11-20 07:51:27,SFO,2023-11-20 16:42:27
68,MU-BAT,320,Z314,SFO,2023-08-26 21:03:27,LHR,2023-08-26 23:09:27
69,ZD-ALS,350,B374,SFO,2023-09-12 02:37:27,DXB,2023-09-12 12:07:27
70,VY-FZI,350,D406,HEL,2023-09-15 04:46:27,OUL,2023-09-15 16:32:27
71,VG-DOV,787,C411,SFO,2024-01-06 00:49:27,HEL,2024-01-06 06:03:27
72,LU-TSG,350,E765,HEL,2023-03-29 21:51:27,LHR,2023-03-30 07:46:27
73,CL-ZLP,320,T210,OUL,2023-08-17 23:02:27,HEL,2023-08-18 02:41:27
74,MD-GCM,320,A578,JFK,2024-02-04 19:40:27,DXB,2024-02-05 01:19:27
75,FY-LWF,320,B874,JFK,2023-06-22 18:19:27,SFO,2023-06-23 06:39:27
76,BL-RQY,787,M365,FRA,2023-04-14 02:29:27,SFO,2023-04-14 11:34:27
77,VC-ZBC,320,M869,OUL,2023-03-24 12:44:27,AMS,2023-03-25 01:39:27
78,FJ-IUQ,787,A980,LHR,2023-11-09 19:23:27,SFO,2023-11-10 08:55:27
79,IR-PGK,320,Y643,CDG,2024-02-01 14:19:27,SFO,2024-02-01 20:43:27
80,YL-GDO,787,R820,DXB,2023-12-04 10:41:27,JFK,2023-12-04 17:07:27
81,GE-ZOP,350,Q258,SFO,2023-06-06 03:18:27,HND,2023-06-06 09:26:27
82,VD-YJF,320,L284,LHR,2023-12-25 14:10:27,DXB,2023-12-25 17:25:27
83,YT-DZU,350,W255,FRA,2023-07-04 05:02:27,AMS,2023-07-04 06:29:27
84,RT-TXZ,350,C569,HEL,2023-08-15 10:35:27,FRA,2023-08-15 18:32:27
85,OO-GVK,350,N188,JFK,2023-07-13 06:59:27,DXB,2023-07-13 09:50:27
86,MM-AFL,350,J187,LHR,2023-07-22 19:33:27,DXB,2023-07-23 07:47:27
87,RL-FCD,350,X331,AMS,2023-11-25 08:55:27,OUL,2023-11-25 19:41:27
88,NY-CVT,350,R317,SFO,2024-02-03 05:16:27,HEL,2024-02-03 15:32:27
89,OD-KXE,350,G872,AMS,2023-07-16 03:22:27,DXB,2023-07-16 07:08:27
90,FG-QWW,320,P417,FRA,2023-05-12 16:29:27,HND,2023-05-12 19:15:27
91,MF-CKJ,320,L944,AMS,2023-10-24 16:59:27,FRA,2023-10-24 22:13:27
92,DM-IOK,320,G994,OUL,2023-04-27 07:11:27,LHR,2023-04-27 16:55:27
93,OD-JXX,350,K699,LHR,2023-12-31 09:36:27,JFK,2023-12-31 18:11:27
94,BY-UBQ,350,Y558,OUL,2023-05-08 07:24:27,DXB,2023-05-08 15:13:27
95,EQ-HGU,350,W719,LHR,2023-12-27 02:43:27,DXB,2023-12-27 10:22:27
96,ZP-OFV,350,U961,LHR,2023-04-21 15:24:27,FRA,2023-04-21 20:59:27
97,PW-RXH,350,K352,FRA,2024-01-15 02:30:27,AMS,2024-01-15 11:44:27
98,RJ-TWM,320,W707,AMS,2023-03-28 11:21:27,DXB,2023-03-28 22:42:27
99,QK-BYK,320,B707,LHR,2023-07-19 02:45:27,CDG,2023-07-19 12:14:27
100,UT-ZGA,350,M217,FRA,2023-03-09 03:17:27,LHR,2023-03-09 17:05:27
101,XW-DZY,350,N483,AMS,2023-12-10 04:13:27,LHR,2023-12-10 05:20:27
102,CJ-XWU,320,C856,OUL,2023-12-31 10:45:27,AMS,2023-12-31 14:29:27
103,NH-VQD,350,K276,FRA,2023-09-23 02:13:27,HEL,2023-09-23 04:37:27
104,EH-XHF,320,U135,JFK,2023-09-10 10:44:27,DXB,2023-09-10 12:02:27
105,UH-TWP,320,V280,JFK,2023-10-03 11:18:27,CDG,2023-10-03 21:30:27
106,SW-VEM,350,Y680,HND,2023-06-23 13:15:27,JFK,2023-06-23 15:27:27
107,CQ-ZBU,350,U605,OUL,2023-10-14 01:16:27,CDG,2023-10-14 08:23:27
108,IH-VKJ,787,T255,OUL,2023-08-18 05:44:27,SFO,2023-08-18 17:24:27
109,BK-QWP,787,G774,FRA,2024-01-14 20:45:27,AMS,2024-01-15 07:40:27
110,PL-IOZ,787,P860,AMS,2023-11-21 15:34:27,HEL,2023-11-21 16:49:27
111,MJ-NCW,787,J855,HEL,2023-07-23 22:52:27,FRA,2023-07-24 07:20:27
112,MC-GGA,787,S880,CDG,2023-05-11 21:30:27,LHR,2023-05-12 00:56:27
113,XU-NPM,350,L193,DXB,2023-10-27 22:49:27,HND,2023-10-28 11:32:27
114,ZE-XPG,787,E336,DXB,2023-11-01 00:06:27,CDG,2023-11-01 06:47:27
115,NN-FZR,320,Z231,CDG,2023-08-17 23:32:27,AMS,2023-08-18 01:01:27
116,AN-TRJ,787,A464,HEL,2023-12-14 02:09:27,FRA,2023-12-14 05:12:27
117,BR-NZI,787,G650,SFO,2024-02-03 01:09:27,HND,2024-02-03 10:07:27
118,XG-HRX,787,U724,FRA,2024-02-11 05:21:27,DXB,2024-02-11 15:53:27
119,KM-QTK,320,R341,HND,2023-07-20 04:49:27,HEL,2023-07-20 13:17:27
120,EL-ZNM,787,F299,LHR,2023-03-26 02:04:27,AMS,2023-03-26 09:30:27
121,IQ-GMP,350,S914,OUL,2023-12-31 09:52:27,SFO,2023-12-31 19:36:27
122,YC-WLA,350,J656,JFK,2024-02-13 18:51:27,DXB,2024-02-13 20:11:27
123,TQ-GOL,320,B459,CDG,2023-09-29 10:03:27,LHR,2023-09-29 20:06:27
124,WK-VNW,787,Y253,AMS,2023-04-23 19:50:27,CDG,2023-04-24 01:12:27
125,BR-RTR,787,C649,CDG,2024-01-01 03:18:27,JFK,2024-01-01 08:33:27
126,BQ-XFS,320,U605,CDG,2023-05-25 08:15:27,DXB,2023-05-25 15:08:27
127,YK-AUA,787,Q100,CDG,2023-12-03 14:37:27,HND,2023-12-03 16:06:27
128,MP-SHC,350,X422,DXB,2023-07-07 18:52:27,SFO,2023-07-08 02:27:27
129,RR-VWO,350,S714,SFO,2023-05-21 03:22:27,LHR,2023-05-21 14:59:27
130,VY-FGW,350,X126,LHR,2023-11-16 16:11:27,SFO,2023-11-17 02:07:27
131,LE-XZO,320,L802,HND,2023-03-21 17:58:27,SFO,2023-03-22 01:36:27
132,TC-GMD,350,E735,HND,2024-01-25 06:11:27,HEL,2024-01-25 17:41:27
133,HZ-BBS,787,M343,SFO,2024-01-11 10:08:27,AMS,2024-01-11 22:34:27
134,RB-ZXH,350,W611,LHR,2024-02-08 06:58:27,JFK,2024-02-08 19:47:27
135,ND-OOA,350,N344,SFO,2024-01-03 08:41:27,FRA,2024-01-03 10:24:27
136,UL-VSC,787,V361,HEL,2024-01-15 01:45:27,FRA,2024-01-15 07:50:27
137,SM-FDU,320,C518,JFK,2023-06-21 15:36:27,FRA,2023-06-21 22:17:27
138,HW-RJR,320,H370,SFO,2023-12-03 06:42:27,FRA,2023-12-03 18:43:27
139,YC-UDS,787,X607,HEL,2023-11-21 23:23:27,JFK,2023-11-22 06:30:27
140,LF-POF,787,E962,CDG,2023-09-22 03:15:27,HND,2023-09-22 09:38:27
141,VZ-TMI,320,C380,HEL,2023-08-19 10:50:27,DXB,2023-08-19 23:18:27
142,HF-PIN,787,L415,OUL,2023-12-14 08:57:27,CDG,2023-12-14 22:46:27
143,SK-KNK,350,Z221,OUL,2023-08-05 01:55:27,LHR,2023-08-05 11:53:27
144,RR-DRO,320,X489,DXB,2023-04-13 02:39:27,LHR,2023-04-13 14:55:27
145,XW-SPA,350,C431,JFK,2023-03-02 06:55:27,HND,2023-03-02 18:36:27
146,CO-WSG,320,M151,SFO,2024-02-08 03:01:27,HND,2024-02-08 15:58:27
147,FW-AEE,787,Y349,CDG,2024-02-06 04:01:27,HEL,2024-02-06 08:21:27
148,AV-KKC,350,V956,AMS,2023-09-15 21:20:27,LHR,2023-09-16 09:07:27
149,EE-UYB,350,O976,HEL,2024-01-23 03:47:27,OUL,2024-01-23 07:49:27
150,XC-AJO,787,D730,JFK,2023-09-22 21:13:27,LHR,2023-09-23 04:33:27
996,G-DIX,320,AY120,HEL,2024-01-30 14:00:00,OUL,2024-01-30 15:30:00
151,JO-AGT,787,U425,LHR,2023-08-23 16:21:27,AMS,2023-08-24 05:05:27
152,IB-DGZ,350,N635,SFO,2023-04-23 14:17:27,HEL,2023-04-23 18:02:27
153,DZ-EPI,320,Y647,OUL,2023-07-09 13:35:27,HND,2023-07-09 21:51:27
154,ZD-IGG,787,J322,SFO,2023-05-19 06:45:27,CDG,2023-05-19 18:07:27
155,AU-WUU,787,P975,OUL,2023-08-26 03:09:27,FRA,2023-08-26 04:53:27
156,QE-IRB,320,X201,LHR,2023-06-23 07:24:27,OUL,2023-06-23 18:30:27
157,QL-KZH,320,W638,CDG,2023-03-09 05:15:27,OUL,2023-03-09 16:09:27
158,JC-HAB,320,B335,HND,2023-05-08 17:48:27,SFO,2023-05-09 01:57:27
159,DK-YRK,320,R295,AMS,2024-02-02 10:28:27,FRA,2024-02-02 21:47:27
160,AX-PHG,350,G716,HEL,2024-01-29 06:10:27,SFO,2024-01-29 07:13:27
161,QU-QUP,320,R545,HND,2023-11-16 15:42:27,HEL,2023-11-17 04:51:27
162,TK-XEX,320,D947,AMS,2024-01-01 01:21:27,HEL,2024-01-01 02:51:27
163,CZ-UZW,320,M400,OUL,2023-06-07 10:49:27,DXB,2023-06-07 21:52:27
164,GG-OGI,350,P367,LHR,2023-09-01 16:22:27,CDG,2023-09-02 01:07:27
165,ON-FTW,320,M453,FRA,2023-06-28 17:13:27,AMS,2023-06-28 20:54:27
166,OU-HDH,320,M428,JFK,2023-07-15 12:35:27,DXB,2023-07-15 18:45:27
167,YS-DDO,320,S422,LHR,2023-10-23 23:16:27,JFK,2023-10-24 08:44:27
168,JN-RCJ,787,V520,DXB,2023-08-19 10:49:27,HEL,2023-08-19 19:38:27
169,FH-OFJ,320,Z647,DXB,2024-02-20 17:15:27,HEL,2024-02-20 23:26:27
170,DN-EHH,350,H662,HEL,2023-04-03 15:04:27,JFK,2023-04-04 03:29:27
171,BK-DGP,320,O107,LHR,2023-09-25 01:20:27,HEL,2023-09-25 06:38:27
172,GB-EMA,320,A982,JFK,2023-03-25 20:15:27,OUL,2023-03-26 08:57:27
173,TA-EMZ,320,K132,SFO,2023-12-13 21:34:27,OUL,2023-12-14 03:41:27
174,ZE-LIK,320,M483,AMS,2023-11-13 10:55:27,JFK,2023-11-13 17:35:27
175,SF-OPX,787,J290,HND,2023-04-18 13:52:27,DXB,2023-04-19 01:17:27
176,AL-YHJ,320,R851,OUL,2023-08-14 00:42:27,HEL,2023-08-14 09:04:27
177,GJ-GQA,320,B369,CDG,2023-11-21 07:52:27,JFK,2023-11-21 20:36:27
178,MY-PUB,350,J763,LHR,2023-07-06 04:54:27,HEL,2023-07-06 13:23:27
179,MI-KHT,350,Z324,DXB,2023-06-18 14:05:27,SFO,2023-06-18 15:33:27
180,NJ-DKR,787,E295,JFK,2023-08-08 21:10:27,DXB,2023-08-08 22:50:27
181,WN-ZYN,320,O753,DXB,2023-06-09 20:13:27,LHR,2023-06-10 02:33:27
182,RB-EFS,350,N888,OUL,2023-08-25 01:07:27,DXB,2023-08-25 06:15:27
183,MG-BZE,320,S508,LHR,2023-11-27 00:59:27,SFO,2023-11-27 04:28:27
184,XX-XBV,320,S942,HND,2023-06-24 12:34:27,DXB,2023-06-24 18:44:27
185,HH-TXL,350,C450,DXB,2023-12-01 00:52:27,AMS,2023-12-01 03:45:27
186,RN-QNE,350,J868,HEL,2023-08-29 23:27:27,JFK,2023-08-30 12:50:27
187,HL-XNF,350,Z169,FRA,2023-09-15 09:10:27,CDG,2023-09-15 16:41:27
188,RM-ALC,320,A988,CDG,2023-08-13 04:54:27,JFK,2023-08-13 10:45:27
189,RM-VVS,787,D338,AMS,2023-12-12 07:38:27,LHR,2023-12-12 12:04:27
190,UB-CJL,350,Y148,OUL,2023-10-02 22:37:27,DXB,2023-10-03 02:41:27
191,LQ-QRA,787,C540,JFK,2023-10-23 21:54:27,AMS,2023-10-24 04:41:27
192,GD-EMC,787,C370,DXB,2023-12-18 05:35:27,CDG,2023-12-18 17:03:27
193,BW-WST,787,V658,LHR,2023-08-20 15:26:27,HND,2023-08-20 18:20:27
194,XP-NKA,350,H231,HND,2023-11-04 19:37:27,SFO,2023-11-05 02:47:27
195,SB-TYZ,787,W437,DXB,2023-03-05 20:39:27,HEL,2023-03-06 00:03:27
196,VS-GFT,787,N611,DXB,2023-09-14 21:53:27,FRA,2023-09-15 04:27:27
197,EO-YTT,350,I597,LHR,2024-01-16 22:48:27,SFO,2024-01-16 23:59:27
198,SR-JDD,350,G238,CDG,2024-01-17 03:06:27,SFO,2024-01-17 14:35:27
199,BI-RSL,320,J429,DXB,2023-09-01 12:53:27,CDG,2023-09-02 00:42:27
200,TV-PSQ,320,C726,FRA,2023-08-20 00:30:27,JFK,2023-08-20 05:18:27
201,NK-DCA,320,B792,CDG,2023-06-13 07:26:27,SFO,2023-06-13 15:48:27
202,SK-TDO,350,I487,DXB,2023-04-03 04:03:27,FRA,2023-04-03 07:27:27
203,WM-PUW,787,D490,OUL,2023-05-07 09:22:27,AMS,2023-05-07 12:04:27
204,KL-ROE,320,T526,OUL,2023-04-16 02:04:27,HND,2023-04-16 16:00:27
205,XD-OVY,350,Q142,HEL,2023-08-04 04:31:27,DXB,2023-08-04 14:47:27
206,IV-YCS,787,S608,OUL,2023-10-23 15:47:27,JFK,2023-10-24 02:38:27
207,TN-OTI,787,L215,HND,2024-01-21 06:29:27,AMS,2024-01-21 16:27:27
208,JA-VTD,350,Z394,HND,2023-04-05 15:48:27,SFO,2023-04-05 17:30:27
209,AF-JNT,787,Y955,HND,2023-05-07 20:35:27,HEL,2023-05-07 22:05:27
210,KH-ZAT,350,T440,JFK,2023-08-09 03:09:27,AMS,2023-08-09 16:55:27
211,OL-KID,787,J503,SFO,2023-03-06 17:40:27,FRA,2023-03-06 23:06:27
212,FO-RXB,320,H823,SFO,2024-01-20 04:40:27,JFK,2024-01-20 08:54:27
213,NB-WYV,787,J821,HEL,2023-07-26 22:57:27,CDG,2023-07-27 04:02:27
214,ZC-HDU,787,D752,CDG,2023-11-25 06:14:27,SFO,2023-11-25 08:05:27
997,G-DIX,320,AY120,HEL,2024-01-30 17:00:00,OUL,2024-01-30 18:30:00
215,OK-ZWN,320,S282,OUL,2023-11-27 03:09:27,JFK,2023-11-27 16:55:27
216,HB-VJR,350,R908,SFO,2023-07-01 05:00:27,CDG,2023-07-01 13:44:27
217,HM-IME,350,O991,CDG,2024-01-08 03:33:27,HEL,2024-01-08 05:50:27
218,VM-VDK,787,G383,HEL,2023-10-30 15:08:27,CDG,2023-10-31 00:28:27
994,G-DIX,320,AY120,HEL,2024-01-30 08:00:00,OUL,2024-01-30 09:30:00
219,JI-DAO,350,D677,CDG,2023-03-03 15:01:27,SFO,2023-03-03 21:29:27
220,RN-MXG,320,U935,LHR,2023-05-14 03:00:27,HND,2023-05-14 08:11:27
221,MP-TDI,320,X477,CDG,2024-01-16 10:41:27,HEL,2024-01-16 22:43:27
222,GL-HBJ,350,C484,JFK,2023-05-13 14:44:27,CDG,2023-05-14 02:59:27
223,KR-LGU,787,C122,LHR,2023-05-17 17:00:27,SFO,2023-05-18 04:03:27
224,TM-QIO,350,R412,FRA,2023-06-09 03:32:27,HND,2023-06-09 10:09:27
225,MU-NEV,350,K917,AMS,2023-10-09 11:02:27,DXB,2023-10-09 16:39:27
226,IZ-EGZ,320,R503,FRA,2023-05-13 07:05:27,LHR,2023-05-13 11:48:27
227,KB-OEN,320,Q427,DXB,2023-04-19 20:24:27,FRA,2023-04-20 03:32:27
228,UB-HML,787,J845,SFO,2023-11-04 13:50:27,HND,2023-11-04 17:42:27
229,DC-BFT,787,H500,DXB,2023-11-27 11:35:27,HND,2023-11-27 21:27:27
230,TE-RES,787,O947,HND,2023-04-25 09:18:27,JFK,2023-04-25 13:59:27
231,LM-WEF,320,A360,LHR,2023-12-12 19:55:27,SFO,2023-12-13 08:29:27
232,HU-JRE,350,D982,AMS,2023-09-06 05:00:27,JFK,2023-09-06 17:05:27
233,SQ-NWY,320,X386,HEL,2023-05-22 17:20:27,HND,2023-05-23 03:29:27
234,OZ-PIQ,320,M377,HEL,2024-01-14 04:49:27,DXB,2024-01-14 08:30:27
235,ZA-LBQ,787,I831,HND,2023-09-02 00:53:27,HEL,2023-09-02 09:04:27
236,SH-QVQ,350,D608,OUL,2023-08-31 05:00:27,HND,2023-08-31 06:16:27
237,EE-IXN,320,B935,FRA,2024-02-11 01:47:27,OUL,2024-02-11 14:13:27
238,OM-XJZ,320,R540,HND,2023-03-08 03:30:27,SFO,2023-03-08 10:06:27
239,KZ-NCK,350,E686,DXB,2023-07-01 19:06:27,JFK,2023-07-01 20:54:27
240,VK-GOP,350,Q952,CDG,2023-08-29 15:50:27,HND,2023-08-29 17:24:27
241,DG-FEH,787,R495,CDG,2023-02-24 13:14:27,HND,2023-02-25 03:11:27
242,JI-HEK,350,K252,HEL,2023-03-21 06:52:27,JFK,2023-03-21 17:35:27
243,UM-WIR,320,R790,SFO,2023-05-25 03:42:27,AMS,2023-05-25 14:53:27
244,HU-PFP,787,T420,CDG,2023-04-28 21:55:27,JFK,2023-04-29 02:43:27
245,PO-POE,350,O928,CDG,2023-12-03 01:11:27,AMS,2023-12-03 08:48:27
246,RY-BAB,320,H196,AMS,2023-06-01 05:15:27,CDG,2023-06-01 14:01:27
247,AJ-CMN,320,R818,AMS,2023-03-19 20:56:27,OUL,2023-03-20 10:31:27
248,HD-LNE,350,H676,OUL,2023-08-08 07:16:27,DXB,2023-08-08 14:28:27
249,XX-DYV,350,Y135,CDG,2023-10-09 13:56:27,LHR,2023-10-09 16:30:27
250,CT-ZVM,787,A769,HEL,2023-11-14 05:49:27,HND,2023-11-14 14:14:27
251,DU-IWH,350,X582,JFK,2023-10-23 23:39:27,DXB,2023-10-24 13:12:27
252,RC-EHS,350,Z704,DXB,2024-01-14 22:24:27,JFK,2024-01-15 09:36:27
253,MY-OIE,350,F374,FRA,2023-07-07 12:39:27,LHR,2023-07-07 14:13:27
254,XN-CRR,350,G528,DXB,2023-03-02 23:26:27,HEL,2023-03-03 03:13:27
255,RT-FMI,350,M117,CDG,2023-04-03 05:14:27,OUL,2023-04-03 16:59:27
256,TR-QCN,350,J759,AMS,2023-12-19 11:08:27,LHR,2023-12-19 13:38:27
257,PT-PJG,787,V856,HND,2023-03-13 12:30:27,CDG,2023-03-13 21:06:27
258,ZA-BHT,787,X225,CDG,2023-12-12 18:17:27,DXB,2023-12-12 23:10:27
259,PY-WGB,320,O329,OUL,2023-04-06 03:15:27,HND,2023-04-06 04:43:27
260,LZ-FPZ,320,W976,OUL,2023-02-24 03:12:27,HND,2023-02-24 11:42:27
261,GP-YGE,787,G196,HEL,2024-01-25 23:07:27,SFO,2024-01-26 11:13:27
262,VG-RRY,320,W674,HND,2023-06-07 14:09:27,DXB,2023-06-07 20:17:27
263,MU-GZE,320,G695,HND,2024-02-10 16:04:27,SFO,2024-02-10 18:35:27
264,BT-AJQ,787,B577,CDG,2023-09-22 04:34:27,FRA,2023-09-22 07:27:27
265,FG-FZT,350,V271,DXB,2023-08-08 19:37:27,LHR,2023-08-09 09:03:27
266,OK-PEI,350,A770,AMS,2023-05-10 11:14:27,SFO,2023-05-10 12:40:27
267,JL-RHV,787,E691,SFO,2023-08-31 15:23:27,HEL,2023-08-31 23:35:27
268,YK-DJS,350,U247,FRA,2023-08-12 07:38:27,CDG,2023-08-12 09:27:27
269,VG-HUQ,787,Y259,CDG,2023-12-16 22:52:27,HND,2023-12-17 01:21:27
270,TG-OKW,787,E882,DXB,2023-05-18 13:51:27,LHR,2023-05-18 19:41:27
271,WM-QWP,320,A342,LHR,2023-09-08 18:03:27,HEL,2023-09-09 06:44:27
272,HE-NSP,787,W771,AMS,2023-09-22 16:50:27,CDG,2023-09-23 02:48:27
273,BC-PSR,350,J908,JFK,2023-04-15 16:50:27,HND,2023-04-16 04:45:27
274,DK-QJL,320,M134,DXB,2023-05-01 18:33:27,AMS,2023-05-02 05:02:27
275,RP-SQX,787,L196,AMS,2023-06-26 17:48:27,DXB,2023-06-26 23:07:27
276,UN-WLX,787,H631,FRA,2023-06-15 17:22:27,JFK,2023-06-16 04:51:27
277,HR-GFY,320,X860,JFK,2023-11-01 17:00:27,LHR,2023-11-02 01:56:27
278,WG-UOU,787,Q612,LHR,2024-01-15 14:30:27,OUL,2024-01-15 18:33:27
279,ZI-HFE,320,U638,JFK,2024-01-13 07:03:27,CDG,2024-01-13 18:46:27
280,OJ-NSA,320,D865,SFO,2023-12-25 04:36:27,LHR,2023-12-25 09:43:27
281,ZD-VMW,320,U152,LHR,2023-10-22 23:11:27,AMS,2023-10-23 11:02:27
282,PP-FTR,350,D133,SFO,2023-07-02 08:24:27,HEL,2023-07-02 11:23:27
283,IC-QKX,320,P737,SFO,2023-10-14 17:12:27,OUL,2023-10-14 19:25:27
284,QE-KVO,320,J726,LHR,2023-07-12 04:37:27,CDG,2023-07-12 07:44:27
285,UX-YNW,320,G124,LHR,2023-04-09 04:12:27,OUL,2023-04-09 15:34:27
286,RY-EQV,787,D958,DXB,2023-10-31 05:47:27,OUL,2023-10-31 09:31:27
287,CT-OPG,320,R358,OUL,2023-04-07 21:58:27,SFO,2023-04-08 08:05:27
288,IZ-TWF,787,P145,FRA,2023-04-19 07:58:27,JFK,2023-04-19 16:48:27
289,OL-LRX,787,T718,FRA,2023-07-25 22:12:27,CDG,2023-07-26 05:47:27
290,EL-QHI,350,R383,OUL,2023-12-09 13:23:27,CDG,2023-12-09 19:59:27
291,YK-LCE,320,I493,OUL,2023-10-20 04:52:27,CDG,2023-10-20 17:00:27
292,HX-JJS,787,B867,SFO,2023-07-12 20:09:27,DXB,2023-07-12 21:40:27
293,SE-GWI,320,U336,JFK,2023-09-13 06:28:27,HEL,2023-09-13 17:09:27
294,TE-DGJ,320,L723,SFO,2023-10-28 13:55:27,OUL,2023-10-28 15:11:27
295,UB-GED,320,E446,OUL,2023-10-22 19:35:27,DXB,2023-10-23 00:56:27
296,DM-DQQ,787,V593,SFO,2024-02-15 23:56:27,AMS,2024-02-16 03:19:27
297,XS-YXP,787,T567,CDG,2024-01-28 13:01:27,DXB,2024-01-29 02:44:27
298,DH-SRW,787,Z697,OUL,2023-07-18 04:17:27,DXB,2023-07-18 17:22:27
299,QI-NTE,350,M838,DXB,2023-08-22 07:58:27,AMS,2023-08-22 21:11:27
300,MK-DWA,787,F568,HND,2023-05-02 10:26:27,DXB,2023-05-02 16:11:27
301,JS-CAV,320,F720,JFK,2023-10-29 21:20:27,AMS,2023-10-30 10:51:27
302,TA-MJE,787,E488,JFK,2023-04-25 22:22:27,CDG,2023-04-26 10:49:27
303,PL-KIU,320,C565,AMS,2024-01-17 03:08:27,LHR,2024-01-17 05:36:27
304,IJ-ILQ,320,B167,OUL,2023-03-15 20:00:27,FRA,2023-03-15 21:06:27
305,UF-KSA,350,W889,OUL,2023-11-25 08:23:27,DXB,2023-11-25 10:08:27
306,KU-QTZ,320,G622,HEL,2023-11-06 07:56:27,LHR,2023-11-06 16:00:27
307,BM-RLF,350,C416,LHR,2023-07-06 10:50:27,CDG,2023-07-06 17:16:27
308,AM-NTF,787,Q139,JFK,2023-05-02 20:42:27,DXB,2023-05-03 01:09:27
309,LS-CXO,787,U478,HEL,2023-03-26 09:49:27,OUL,2023-03-26 20:28:27
310,VL-FYQ,787,N438,CDG,2023-04-11 01:34:27,DXB,2023-04-11 08:28:27
311,VR-LQW,350,S729,HEL,2023-05-14 23:08:27,LHR,2023-05-15 04:57:27
312,YT-MPX,787,J308,HND,2023-11-13 19:29:27,HEL,2023-11-14 05:21:27
313,NF-UQJ,350,Z419,HEL,2023-07-12 16:04:27,AMS,2023-07-12 20:37:27
314,RN-IAX,320,T120,HEL,2023-11-28 15:31:27,FRA,2023-11-28 19:35:27
315,VV-DQG,350,X827,AMS,2023-04-09 10:25:27,HEL,2023-04-09 22:30:27
316,DG-NRO,787,U936,FRA,2023-12-14 12:02:27,DXB,2023-12-14 15:06:27
317,MU-VJB,350,N668,SFO,2023-05-04 02:02:27,FRA,2023-05-04 03:04:27
318,OI-VQD,350,M759,CDG,2023-09-20 06:15:27,OUL,2023-09-20 09:49:27
319,VO-HAV,320,K343,DXB,2023-03-31 21:53:27,OUL,2023-04-01 00:41:27
320,GI-ETU,350,G662,SFO,2023-06-02 05:36:27,DXB,2023-06-02 10:31:27
321,MD-PHS,350,A672,SFO,2023-10-08 17:59:27,CDG,2023-10-09 07:17:27
322,RX-DNE,787,P147,JFK,2023-11-13 12:59:27,HND,2023-11-13 22:35:27
323,WW-OCF,350,Y954,OUL,2024-01-17 11:22:27,DXB,2024-01-17 14:35:27
324,RR-OYU,787,J569,LHR,2023-11-05 16:55:27,SFO,2023-11-06 03:33:27
325,TG-YMB,350,G654,AMS,2023-08-15 10:07:27,SFO,2023-08-15 20:43:27
326,FK-ROI,320,F740,LHR,2024-02-13 04:47:27,CDG,2024-02-13 14:07:27
327,NM-HQD,350,D610,HND,2023-06-07 00:31:27,SFO,2023-06-07 04:30:27
328,GY-PMM,320,W680,CDG,2023-06-16 20:08:27,DXB,2023-06-17 08:58:27
329,NU-MNY,350,S410,FRA,2023-11-10 11:06:27,LHR,2023-11-10 23:47:27
330,QB-WKB,787,E208,LHR,2023-12-15 16:25:27,HND,2023-12-15 17:51:27
331,CG-FPY,350,T165,SFO,2023-09-15 05:59:27,DXB,2023-09-15 11:20:27
332,YU-XDC,320,D537,FRA,2023-11-28 15:06:27,DXB,2023-11-29 04:29:27
333,HU-GFJ,320,O977,CDG,2023-06-06 00:38:27,OUL,2023-06-06 11:40:27
334,SC-LHU,320,D728,CDG,2023-11-23 03:46:27,AMS,2023-11-23 15:43:27
335,XD-WGT,320,Y778,HEL,2024-02-07 00:12:27,HND,2024-02-07 08:32:27
336,PV-NUY,320,H318,JFK,2023-09-17 18:29:27,LHR,2023-09-18 04:58:27
337,YZ-IVL,320,A935,JFK,2023-05-22 13:58:27,FRA,2023-05-23 00:26:27
338,AM-TEK,320,H401,LHR,2023-08-14 12:25:27,OUL,2023-08-14 16:44:27
339,MU-FFX,320,W501,CDG,2023-09-16 15:45:27,HEL,2023-09-16 17:11:27
340,XI-USE,787,J208,HND,2023-03-05 13:37:27,SFO,2023-03-05 23:29:27
341,PF-HLM,350,C766,CDG,2023-04-03 20:18:27,SFO,2023-04-04 08:13:27
342,IF-GSD,350,H164,CDG,2024-01-28 20:58:27,AMS,2024-01-28 22:26:27
343,VC-SOQ,350,P285,SFO,2023-02-27 09:09:27,DXB,2023-02-27 16:27:27
344,HC-TQR,350,F701,DXB,2023-04-12 04:54:27,JFK,2023-04-12 06:15:27
345,QF-TMH,320,C113,HEL,2023-07-22 11:42:27,OUL,2023-07-23 00:31:27
346,HR-KLD,320,A724,JFK,2023-04-04 07:49:27,SFO,2023-04-04 18:59:27
347,PZ-SGC,320,M347,HEL,2023-07-04 21:11:27,FRA,2023-07-05 02:22:27
348,UB-NXG,350,Z583,SFO,2023-05-04 15:57:27,FRA,2023-05-05 05:09:27
349,LK-UVD,787,Z740,LHR,2024-01-20 23:29:27,HEL,2024-01-21 03:25:27
350,VJ-WAQ,320,O107,HEL,2023-05-04 10:33:27,LHR,2023-05-04 21:43:27
351,TM-NEF,350,S135,SFO,2023-02-24 17:42:27,FRA,2023-02-25 05:59:27
352,PM-YSA,350,Z505,DXB,2023-08-29 14:22:27,SFO,2023-08-29 23:24:27
353,YE-JJQ,787,Y561,JFK,2023-10-02 20:42:27,AMS,2023-10-03 00:16:27
354,UQ-YHS,350,E348,HND,2023-08-07 12:39:27,JFK,2023-08-08 01:32:27
355,IN-VVD,320,J359,CDG,2023-03-15 22:46:27,FRA,2023-03-16 12:21:27
356,JU-WMK,787,G834,CDG,2023-03-22 05:08:27,LHR,2023-03-22 10:12:27
357,DT-LAE,787,F649,FRA,2023-08-29 23:41:27,JFK,2023-08-30 06:03:27
358,ZA-PTG,787,J362,HEL,2024-01-14 06:48:27,DXB,2024-01-14 17:19:27
359,RS-BRK,320,K220,DXB,2023-04-28 10:08:27,OUL,2023-04-28 12:51:27
360,ZD-NMM,787,B892,FRA,2023-11-17 17:43:27,DXB,2023-11-17 21:06:27
361,BI-TCM,787,U375,HEL,2023-10-25 09:25:27,CDG,2023-10-25 22:17:27
362,PU-TUY,320,F835,SFO,2023-10-16 05:46:27,LHR,2023-10-16 16:20:27
363,SK-JNQ,787,Z237,FRA,2024-02-21 02:22:27,CDG,2024-02-21 15:44:27
364,EE-VJU,320,W766,LHR,2023-12-16 14:43:27,DXB,2023-12-16 18:00:27
365,BH-GEL,320,Y239,AMS,2023-06-04 08:25:27,HND,2023-06-04 09:55:27
366,ZF-NZH,350,S984,SFO,2023-05-07 19:01:27,AMS,2023-05-08 07:04:27
367,NU-NVN,787,A939,SFO,2023-06-04 07:29:27,HND,2023-06-04 16:53:27
368,FX-RPA,350,F642,HND,2023-07-22 07:18:27,LHR,2023-07-22 15:36:27
369,SV-MFZ,787,U482,OUL,2023-02-24 16:56:27,HEL,2023-02-25 05:40:27
370,AL-VMC,350,J225,AMS,2023-12-22 08:58:27,JFK,2023-12-22 12:04:27
371,QY-JIO,787,G710,SFO,2023-07-31 15:32:27,FRA,2023-07-31 22:24:27
372,TQ-ILU,350,N276,OUL,2024-01-20 05:32:27,SFO,2024-01-20 11:42:27
373,YO-BZN,350,S359,HND,2023-10-26 17:37:27,AMS,2023-10-27 06:04:27
374,ZA-VLJ,320,A263,HND,2023-03-23 18:35:27,CDG,2023-03-23 21:18:27
375,JU-KAJ,320,Z930,FRA,2023-08-12 14:56:27,HEL,2023-08-12 20:47:27
376,AT-YCU,787,J204,LHR,2023-10-12 14:36:27,HEL,2023-10-12 23:45:27
377,XJ-DCO,787,K259,CDG,2023-09-01 09:18:27,HND,2023-09-01 20:34:27
378,UM-XMX,320,C652,HND,2023-06-07 00:55:27,HEL,2023-06-07 05:36:27
379,CC-VTZ,350,X579,DXB,2023-06-18 22:57:27,OUL,2023-06-19 08:32:27
380,HF-PDA,350,G768,DXB,2023-10-02 16:14:27,CDG,2023-10-02 19:07:27
381,VV-PUU,350,H909,DXB,2023-09-16 17:47:27,HND,2023-09-17 07:31:27
382,FZ-IBI,350,Z995,DXB,2023-05-28 21:01:27,HND,2023-05-29 08:57:27
383,OA-MIR,320,H868,JFK,2023-04-16 13:12:27,FRA,2023-04-16 18:28:27
384,ID-GPT,787,E598,CDG,2023-03-17 17:08:27,AMS,2023-03-18 04:05:27
385,YB-SPY,787,C240,FRA,2024-01-10 17:06:27,JFK,2024-01-11 01:29:27
386,TZ-AXQ,320,P763,DXB,2024-01-22 07:12:27,OUL,2024-01-22 13:14:27
387,VA-OGI,320,U242,SFO,2023-09-16 07:12:27,AMS,2023-09-16 20:06:27
388,KP-BZY,787,G224,AMS,2023-08-18 13:12:27,LHR,2023-08-18 18:38:27
389,XE-NVX,787,S168,AMS,2023-08-27 16:46:27,SFO,2023-08-28 06:01:27
390,FA-UTV,787,M906,HEL,2023-06-01 17:11:27,FRA,2023-06-02 02:04:27
391,HZ-XAO,320,Z847,LHR,2023-11-26 00:27:27,FRA,2023-11-26 06:17:27
392,HV-TBI,350,L110,OUL,2023-08-12 02:52:27,FRA,2023-08-12 11:13:27
393,YP-YUK,787,F691,CDG,2023-07-11 06:27:27,OUL,2023-07-11 12:07:27
394,HQ-KIA,787,F600,HEL,2023-08-06 20:18:27,JFK,2023-08-07 10:07:27
395,NZ-JNR,787,G335,HND,2023-03-21 14:18:27,FRA,2023-03-21 20:25:27
396,FR-KXE,350,K950,FRA,2024-02-21 17:55:27,SFO,2024-02-21 23:06:27
397,PC-HDW,787,D654,OUL,2023-03-16 13:01:27,CDG,2023-03-16 22:44:27
398,AC-SZE,350,X711,AMS,2024-02-07 00:22:27,CDG,2024-02-07 12:43:27
399,BP-TEL,787,U925,CDG,2023-05-27 17:53:27,SFO,2023-05-28 04:37:27
400,NL-GMW,787,N172,AMS,2023-10-06 02:53:27,HND,2023-10-06 05:03:27
401,DN-DOF,787,Z610,JFK,2023-09-07 03:04:27,AMS,2023-09-07 16:00:27
402,JZ-JQX,320,X180,DXB,2023-10-30 16:54:27,CDG,2023-10-31 03:35:27
403,UN-VTK,320,R733,SFO,2024-02-08 15:43:27,AMS,2024-02-09 01:38:27
404,JR-IHK,350,I291,OUL,2023-11-12 06:10:27,AMS,2023-11-12 08:20:27
405,BB-FHR,787,X104,SFO,2023-08-09 22:01:27,HEL,2023-08-10 08:23:27
406,OS-YET,787,W330,CDG,2023-06-07 01:13:27,HND,2023-06-07 05:10:27
407,WK-PBF,350,H565,AMS,2023-04-15 09:56:27,FRA,2023-04-15 15:10:27
408,DY-EJT,350,Y472,CDG,2024-01-06 23:33:27,HEL,2024-01-07 07:25:27
409,VK-BAV,350,F354,HND,2023-06-06 10:57:27,LHR,2023-06-06 19:34:27
410,JT-YGR,320,S280,HEL,2023-06-03 18:37:27,LHR,2023-06-04 01:11:27
411,IV-VLE,320,Q696,SFO,2023-10-17 19:11:27,DXB,2023-10-18 07:28:27
412,DQ-KLJ,350,Z419,SFO,2023-07-19 15:06:27,OUL,2023-07-19 21:20:27
413,MX-XMF,787,J106,AMS,2023-06-15 00:07:27,OUL,2023-06-15 10:03:27
414,DC-TAR,320,V852,LHR,2023-11-29 05:53:27,CDG,2023-11-29 18:35:27
415,XK-AOJ,787,G636,FRA,2023-11-24 16:37:27,OUL,2023-11-25 03:34:27
416,ES-ODL,787,W828,OUL,2024-01-20 23:29:27,CDG,2024-01-21 11:31:27
417,ZP-XOV,320,L362,JFK,2024-01-07 07:36:27,OUL,2024-01-07 16:59:27
418,BY-TND,787,D873,CDG,2024-01-07 03:41:27,JFK,2024-01-07 06:44:27
419,PA-OCC,350,E498,HEL,2023-11-21 09:41:27,LHR,2023-11-21 15:46:27
420,CD-AUE,787,L225,SFO,2023-07-09 20:49:27,FRA,2023-07-10 01:58:27
421,FI-VDD,350,C833,CDG,2023-05-08 19:25:27,SFO,2023-05-09 08:16:27
422,ET-SOS,787,S201,HND,2023-04-21 19:52:27,AMS,2023-04-21 23:00:27
423,VE-UIO,787,A733,DXB,2023-07-23 02:03:27,LHR,2023-07-23 06:42:27
424,MC-FUV,787,J633,CDG,2023-08-07 17:05:27,DXB,2023-08-08 00:43:27
425,PO-ZUB,787,N755,AMS,2023-06-20 09:55:27,FRA,2023-06-20 12:00:27
426,PN-CUX,787,R739,CDG,2024-01-06 15:44:27,AMS,2024-01-06 18:05:27
427,WM-ERD,320,T152,AMS,2023-03-16 20:43:27,LHR,2023-03-17 05:30:27
428,GU-AIE,320,P264,JFK,2023-10-15 18:52:27,AMS,2023-10-15 23:00:27
429,XD-ULK,320,J821,CDG,2023-10-18 03:51:27,HEL,2023-10-18 12:56:27
430,EZ-LQL,320,L910,AMS,2023-06-16 11:33:27,DXB,2023-06-17 00:24:27
431,LA-RDP,320,I985,CDG,2023-09-18 16:48:27,HEL,2023-09-18 21:44:27
432,RC-TTN,320,R225,LHR,2023-12-29 16:37:27,OUL,2023-12-29 23:31:27
433,GP-MGL,320,J313,FRA,2023-05-18 15:22:27,CDG,2023-05-19 03:48:27
434,FU-QRA,787,Y130,HEL,2023-08-01 19:38:27,DXB,2023-08-01 21:14:27
435,PP-MPD,350,C558,CDG,2024-01-20 02:01:27,JFK,2024-01-20 03:54:27
436,SE-CYN,350,V388,SFO,2023-07-15 20:23:27,OUL,2023-07-16 08:34:27
437,GX-ACH,350,X626,SFO,2023-07-28 22:47:27,DXB,2023-07-29 05:19:27
438,KG-RCA,350,P255,LHR,2023-12-07 08:26:27,JFK,2023-12-07 12:36:27
439,IK-BNR,787,J543,JFK,2023-10-05 02:36:27,FRA,2023-10-05 12:48:27
440,DB-ALS,787,V458,SFO,2023-11-19 14:01:27,HEL,2023-11-19 20:15:27
441,QY-MRI,787,W871,FRA,2024-01-18 03:49:27,LHR,2024-01-18 11:57:27
442,XL-WOO,787,A101,AMS,2023-07-16 18:21:27,CDG,2023-07-17 04:04:27
443,YY-XGS,350,N928,AMS,2023-12-04 08:58:27,JFK,2023-12-04 11:53:27
444,QA-JSZ,320,T982,LHR,2023-05-27 03:56:27,AMS,2023-05-27 08:32:27
445,AB-EWT,320,O408,OUL,2023-03-03 08:40:27,DXB,2023-03-03 20:31:27
446,OX-QIL,787,F164,HND,2023-09-20 08:11:27,SFO,2023-09-20 11:25:27
447,BY-ZGV,320,I418,HND,2023-05-20 05:20:27,DXB,2023-05-20 14:43:27
448,OZ-CQF,350,V772,OUL,2023-06-29 10:35:27,CDG,2023-06-29 11:45:27
449,LP-CWK,350,H833,CDG,2023-07-26 03:11:27,FRA,2023-07-26 11:27:27
450,NV-TFO,787,W120,OUL,2023-04-03 22:50:27,CDG,2023-04-04 09:47:27
451,XQ-EOV,320,U144,FRA,2024-02-04 22:39:27,SFO,2024-02-05 03:58:27
452,WW-MPH,350,E970,SFO,2023-10-25 21:43:27,HND,2023-10-26 10:12:27
453,KQ-UAA,787,U465,LHR,2023-08-26 04:29:27,AMS,2023-08-26 06:48:27
454,FD-NFH,787,L715,SFO,2023-07-28 22:06:27,LHR,2023-07-29 00:46:27
455,NA-YCB,787,K741,HEL,2023-04-07 11:57:27,FRA,2023-04-07 23:15:27
456,WE-VWW,320,B130,AMS,2023-11-04 01:00:27,HND,2023-11-04 05:54:27
457,MW-HXD,320,K988,AMS,2023-11-18 08:25:27,JFK,2023-11-18 20:18:27
458,KE-UKO,320,D401,SFO,2023-12-08 12:49:27,LHR,2023-12-09 00:17:27
459,RC-FQD,350,S244,OUL,2023-07-15 23:06:27,CDG,2023-07-16 07:33:27
460,VS-GHC,350,K638,SFO,2023-05-09 04:10:27,DXB,2023-05-09 13:40:27
461,PQ-OOD,350,J190,SFO,2023-12-06 10:52:27,LHR,2023-12-06 23:32:27
462,QD-YNT,350,V890,JFK,2023-09-26 18:02:27,FRA,2023-09-26 21:17:27
463,DM-ADJ,320,E548,FRA,2023-09-16 02:11:27,SFO,2023-09-16 12:10:27
464,KJ-TEX,787,T466,LHR,2023-08-25 14:25:27,HEL,2023-08-26 03:03:27
465,PT-TLI,787,I271,CDG,2023-06-27 19:30:27,JFK,2023-06-28 08:16:27
466,TM-VZV,350,M898,HND,2023-07-29 15:22:27,CDG,2023-07-30 00:58:27
467,KP-NDP,787,Q347,CDG,2023-10-02 02:59:27,LHR,2023-10-02 10:42:27
468,WX-APL,787,W848,HEL,2023-07-07 12:17:27,AMS,2023-07-08 00:40:27
469,DX-MLS,320,T338,SFO,2023-08-18 06:18:27,DXB,2023-08-18 13:51:27
470,DH-GZJ,320,F606,LHR,2023-03-01 00:07:27,DXB,2023-03-01 08:35:27
471,EG-EKZ,320,X633,DXB,2023-10-19 22:06:27,LHR,2023-10-20 11:14:27
472,WG-QSV,320,L521,LHR,2024-01-22 18:10:27,SFO,2024-01-23 05:35:27
473,NY-HFZ,350,E837,DXB,2023-08-07 10:43:27,LHR,2023-08-07 19:40:27
474,KW-LNV,320,D513,HND,2024-02-07 15:22:27,LHR,2024-02-07 18:54:27
475,XQ-GYX,350,W778,HEL,2023-05-09 04:19:27,HND,2023-05-09 13:36:27
476,FL-MQR,787,B737,DXB,2023-11-13 09:41:27,AMS,2023-11-13 11:38:27
477,PW-XDI,350,Q468,HND,2023-11-14 21:29:27,SFO,2023-11-15 07:02:27
478,JG-IPJ,787,I575,CDG,2023-07-26 13:51:27,AMS,2023-07-27 03:35:27
479,PD-CCJ,320,W942,JFK,2024-01-08 21:44:27,AMS,2024-01-09 06:54:27
480,OK-SNN,320,I257,FRA,2024-02-11 06:54:27,HEL,2024-02-11 13:01:27
481,DP-ISK,320,S484,AMS,2023-03-31 08:34:27,HND,2023-03-31 12:35:27
482,RC-PIG,350,I339,CDG,2024-01-18 23:03:27,JFK,2024-01-19 10:42:27
483,LK-GZG,320,G175,JFK,2023-11-17 04:19:27,SFO,2023-11-17 10:05:27
484,IX-FYZ,787,Y558,OUL,2023-12-13 14:04:27,DXB,2023-12-13 18:09:27
485,MW-EVM,787,N142,LHR,2023-09-28 03:21:27,AMS,2023-09-28 12:37:27
486,MQ-TJA,787,L941,OUL,2023-11-12 16:56:27,SFO,2023-11-12 22:55:27
487,AA-DUJ,350,S819,DXB,2023-06-18 04:05:27,JFK,2023-06-18 07:16:27
488,DU-DVK,320,H613,HND,2023-07-13 06:35:27,SFO,2023-07-13 16:36:27
489,PE-ODN,787,U737,JFK,2023-12-17 18:56:27,HND,2023-12-18 05:43:27
490,FD-ION,320,C506,DXB,2023-09-08 19:19:27,AMS,2023-09-08 21:10:27
491,NI-SDH,350,Q299,FRA,2023-07-03 18:03:27,JFK,2023-07-04 03:25:27
492,WN-TTO,320,E137,DXB,2024-01-17 12:11:27,CDG,2024-01-17 16:17:27
493,PX-RPP,787,J263,LHR,2023-09-19 12:12:27,FRA,2023-09-20 00:10:27
494,NH-NIU,320,L567,JFK,2023-05-14 03:13:27,HND,2023-05-14 12:25:27
495,QF-YQB,350,O768,FRA,2024-02-17 15:25:27,OUL,2024-02-17 17:58:27
496,NQ-HJV,350,Q903,HEL,2023-12-20 01:40:27,LHR,2023-12-20 07:46:27
497,UW-XFQ,787,G768,HEL,2023-09-15 21:10:27,CDG,2023-09-16 06:47:27
498,GV-YDV,350,M275,AMS,2024-02-05 17:42:27,HEL,2024-02-05 20:20:27
499,GD-HXO,320,Q636,AMS,2023-10-29 02:28:27,OUL,2023-10-29 07:24:27
500,UC-NLP,320,R755,OUL,2024-02-12 07:39:27,JFK,2024-02-12 20:40:27
501,RE-APT,350,N959,DXB,2023-07-26 12:25:27,FRA,2023-07-26 18:13:27
502,RV-AFJ,350,L515,CDG,2023-04-24 10:50:27,OUL,2023-04-25 00:30:27
503,DH-MBL,350,K820,SFO,2023-03-28 05:31:27,FRA,2023-03-28 08:43:27
504,JM-RQQ,787,T852,SFO,2023-10-07 00:15:27,AMS,2023-10-07 06:50:27
505,PZ-WYI,350,M289,FRA,2023-06-26 20:14:27,AMS,2023-06-27 09:42:27
506,FO-NDR,787,W582,LHR,2023-12-13 22:57:27,JFK,2023-12-14 06:31:27
507,BO-LCS,787,L747,FRA,2023-06-12 09:14:27,HEL,2023-06-12 17:29:27
508,UB-NYL,320,J618,CDG,2023-07-16 01:29:27,HND,2023-07-16 03:26:27
509,UQ-VBW,787,G691,OUL,2024-02-05 14:41:27,AMS,2024-02-06 02:20:27
510,KM-YZJ,787,J184,HND,2023-10-27 09:04:27,HEL,2023-10-27 20:31:27
511,OL-NAF,320,P357,OUL,2023-06-06 09:46:27,DXB,2023-06-06 12:58:27
512,OI-ZQH,350,K763,OUL,2023-11-15 17:08:27,HEL,2023-11-16 00:02:27
513,VT-HOW,350,R154,AMS,2023-03-11 17:29:27,JFK,2023-03-12 02:10:27
514,PB-UYO,787,U693,JFK,2023-04-17 03:04:27,CDG,2023-04-17 14:37:27
515,ZR-DWH,350,L372,FRA,2023-11-11 23:26:27,OUL,2023-11-12 04:44:27
516,KR-HPC,787,Z385,HEL,2024-01-28 15:48:27,FRA,2024-01-28 20:28:27
517,XM-FWY,350,Z617,LHR,2023-11-03 03:21:27,HND,2023-11-03 16:13:27
518,LG-PVM,320,I746,OUL,2023-09-16 03:26:27,FRA,2023-09-16 11:02:27
519,YX-GQK,320,B901,CDG,2023-12-02 21:12:27,LHR,2023-12-02 23:18:27
520,GO-XHL,320,T633,DXB,2023-11-04 21:09:27,OUL,2023-11-04 22:40:27
521,YN-OVS,350,H316,AMS,2023-08-28 19:56:27,LHR,2023-08-29 04:21:27
522,LV-CRH,350,O441,HND,2023-11-22 07:59:27,CDG,2023-11-22 11:22:27
523,HY-DOY,350,A362,HND,2023-12-10 06:35:27,DXB,2023-12-10 17:19:27
524,GF-ZEH,320,U776,DXB,2024-02-20 07:42:27,HEL,2024-02-20 14:44:27
525,YK-JVD,350,H169,LHR,2023-04-28 06:58:27,HND,2023-04-28 15:32:27
526,RU-YTM,787,U371,SFO,2023-07-20 04:01:27,OUL,2023-07-20 08:46:27
527,AE-GAS,320,D344,HND,2023-08-24 11:19:27,FRA,2023-08-24 21:04:27
528,JC-ISB,787,H272,HEL,2023-03-07 02:59:27,LHR,2023-03-07 07:00:27
529,VO-XXW,350,K532,HND,2024-01-25 10:40:27,HEL,2024-01-25 21:51:27
530,BQ-WQY,320,U727,HND,2023-03-03 14:17:27,LHR,2023-03-04 00:24:27
531,UT-NSZ,320,W366,FRA,2024-01-20 01:03:27,CDG,2024-01-20 12:10:27
532,JT-YHE,787,P161,OUL,2023-10-12 19:59:27,HND,2023-10-13 06:07:27
533,BX-TZU,350,A385,AMS,2023-08-26 01:03:27,HND,2023-08-26 11:32:27
534,FB-CBT,787,A712,DXB,2023-05-15 15:32:27,FRA,2023-05-16 03:06:27
535,PT-KHJ,320,Z112,JFK,2023-11-01 18:57:27,HEL,2023-11-02 05:06:27
536,XO-HWS,787,Q578,DXB,2023-11-20 04:09:27,AMS,2023-11-20 07:02:27
537,OF-VZV,350,V797,DXB,2023-06-19 03:59:27,FRA,2023-06-19 11:27:27
538,QP-EZK,350,L274,HND,2023-08-05 14:16:27,AMS,2023-08-05 19:39:27
539,IV-HHY,320,K576,LHR,2023-03-21 13:36:27,OUL,2023-03-22 00:30:27
540,QF-UBA,350,Y104,CDG,2023-06-04 19:20:27,DXB,2023-06-05 04:00:27
541,HJ-WFY,787,U555,LHR,2024-01-04 09:34:27,HND,2024-01-04 12:20:27
542,GU-XJT,350,P228,OUL,2023-09-20 16:48:27,HEL,2023-09-20 19:12:27
543,FZ-WCM,350,C946,AMS,2023-11-09 15:41:27,HEL,2023-11-10 03:40:27
544,LD-KYV,320,W710,LHR,2023-10-12 07:13:27,HEL,2023-10-12 16:36:27
545,DL-NQL,787,A168,FRA,2023-04-26 16:01:27,HEL,2023-04-26 22:48:27
546,HI-ADJ,320,J676,AMS,2023-08-10 23:02:27,HEL,2023-08-11 04:06:27
547,HB-DUR,787,P257,FRA,2023-06-27 23:23:27,LHR,2023-06-28 08:09:27
548,OI-WEK,350,O964,HEL,2024-02-11 12:24:27,LHR,2024-02-12 00:22:27
549,DV-TFP,320,F892,LHR,2023-11-20 20:50:27,DXB,2023-11-21 02:41:27
550,ZD-CPY,320,C495,DXB,2023-10-04 23:52:27,AMS,2023-10-05 00:53:27
551,KK-PVV,787,I252,DXB,2023-11-20 10:05:27,LHR,2023-11-20 15:43:27
552,XE-RCO,787,D668,HEL,2023-11-15 04:16:27,FRA,2023-11-15 13:43:27
553,SZ-GCY,320,F377,OUL,2023-02-24 00:33:27,FRA,2023-02-24 01:58:27
554,ON-APJ,787,Y572,AMS,2023-07-24 10:56:27,JFK,2023-07-24 22:52:27
555,QZ-DAE,787,G843,DXB,2023-04-22 21:29:27,AMS,2023-04-23 09:30:27
556,JI-NBY,787,D320,JFK,2023-04-21 05:17:27,OUL,2023-04-21 09:57:27
557,YT-RWX,320,W882,DXB,2023-02-24 18:58:27,LHR,2023-02-25 02:15:27
558,XH-UQM,787,Y487,HND,2024-01-19 20:29:27,HEL,2024-01-20 02:21:27
559,WF-GJW,320,C635,HND,2023-03-04 16:12:27,HEL,2023-03-05 04:35:27
560,XP-PKQ,320,D628,OUL,2023-06-02 18:16:27,SFO,2023-06-02 21:54:27
561,JV-KUZ,320,G936,HEL,2023-05-05 13:32:27,OUL,2023-05-06 00:02:27
562,CF-FTK,320,E181,AMS,2024-02-12 06:14:27,OUL,2024-02-12 13:41:27
563,VR-HPB,350,N128,HEL,2023-03-09 09:49:27,JFK,2023-03-09 16:55:27
564,CI-KZS,320,G518,LHR,2023-04-20 07:41:27,JFK,2023-04-20 11:46:27
565,WY-JUP,787,I854,AMS,2024-01-04 06:39:27,LHR,2024-01-04 11:03:27
566,FO-OLM,787,U171,HEL,2023-03-13 10:40:27,OUL,2023-03-13 16:07:27
567,BS-FRL,350,M506,CDG,2024-02-10 20:17:27,AMS,2024-02-11 06:52:27
568,NZ-MAN,320,U318,SFO,2023-12-21 23:42:27,HEL,2023-12-22 12:12:27
569,LV-IJS,320,O650,CDG,2023-03-10 02:53:27,HND,2023-03-10 16:51:27
570,SU-WKG,350,B852,LHR,2024-01-03 13:18:27,AMS,2024-01-03 19:44:27
571,FA-ZLC,350,T329,SFO,2023-04-07 21:41:27,JFK,2023-04-08 06:58:27
572,HQ-LKF,350,T812,HEL,2023-05-30 17:54:27,FRA,2023-05-31 03:37:27
573,ER-UGP,787,S691,AMS,2023-07-02 22:32:27,HEL,2023-07-03 00:17:27
574,QX-QQJ,787,V770,AMS,2023-07-03 11:05:27,HEL,2023-07-03 17:40:27
575,MG-SXR,350,I635,HND,2023-04-20 06:44:27,AMS,2023-04-20 11:26:27
576,GB-QYL,787,V374,JFK,2023-05-25 07:13:27,AMS,2023-05-25 16:57:27
577,SQ-PBI,320,O977,SFO,2024-02-15 02:08:27,CDG,2024-02-15 15:05:27
578,LY-OOC,787,B523,HND,2023-11-17 11:52:27,JFK,2023-11-17 13:08:27
579,EM-RIB,787,O859,CDG,2024-02-15 16:48:27,DXB,2024-02-16 02:58:27
580,CD-OSO,787,B857,HND,2023-06-03 20:22:27,DXB,2023-06-04 09:49:27
581,UZ-RLU,787,O731,CDG,2023-03-15 14:53:27,HEL,2023-03-16 00:06:27
582,JB-GFL,320,N623,LHR,2023-10-28 19:41:27,SFO,2023-10-29 01:54:27
583,VZ-SVZ,787,S702,AMS,2023-06-30 04:33:27,OUL,2023-06-30 12:20:27
584,PH-VXS,787,T645,LHR,2023-05-14 05:50:27,SFO,2023-05-14 11:56:27
585,TR-EPG,350,Y142,HND,2023-03-31 04:15:27,HEL,2023-03-31 16:14:27
586,OJ-DVZ,787,O665,HEL,2023-04-17 11:56:27,SFO,2023-04-17 18:36:27
587,RH-DVV,350,S241,SFO,2023-03-22 07:41:27,LHR,2023-03-22 12:22:27
588,MK-DUI,350,E340,JFK,2023-11-21 05:15:27,OUL,2023-11-21 14:59:27
589,AA-TKF,350,W333,HEL,2023-12-24 19:11:27,FRA,2023-12-25 04:36:27
590,YW-NWS,350,H808,HND,2023-10-28 11:28:27,FRA,2023-10-28 13:25:27
591,GQ-PUU,787,X590,FRA,2024-02-06 07:48:27,JFK,2024-02-06 18:19:27
592,UR-BHC,350,J702,HND,2023-09-20 11:25:27,CDG,2023-09-21 00:57:27
593,GH-ROC,350,D935,CDG,2023-02-24 08:57:27,DXB,2023-02-24 12:17:27
594,SP-LVJ,787,S389,SFO,2024-01-04 06:19:27,OUL,2024-01-04 16:31:27
595,FB-ELN,787,Z400,FRA,2024-02-03 03:14:27,JFK,2024-02-03 11:17:27
596,EN-LTQ,350,O449,HEL,2023-11-21 04:52:27,DXB,2023-11-21 17:12:27
597,JJ-QXA,320,Q354,FRA,2023-07-31 23:41:27,AMS,2023-08-01 05:05:27
598,LU-PWC,320,R631,HEL,2023-06-18 22:31:27,OUL,2023-06-19 06:54:27
599,LG-JBG,787,F702,HND,2023-11-05 14:08:27,HEL,2023-11-05 16:55:27
600,CX-NGY,320,X308,AMS,2024-02-04 01:56:27,LHR,2024-02-04 08:48:27
601,GF-CFX,787,M461,HEL,2023-06-06 14:50:27,JFK,2023-06-06 22:47:27
602,YI-RVI,787,C445,JFK,2023-03-08 06:42:27,AMS,2023-03-08 19:53:27
603,FR-HCE,787,R469,LHR,2023-08-17 02:54:27,JFK,2023-08-17 13:18:27
604,OW-OSO,350,O388,SFO,2023-06-15 05:59:27,FRA,2023-06-15 09:17:27
605,TI-KLE,350,I304,HND,2023-07-28 17:43:27,SFO,2023-07-29 06:00:27
606,LP-BDO,350,H663,CDG,2023-08-22 01:16:27,LHR,2023-08-22 15:10:27
607,EU-PMB,350,R520,HND,2024-01-24 11:27:27,LHR,2024-01-24 12:42:27
608,ND-GFY,350,J732,JFK,2023-04-25 05:54:27,SFO,2023-04-25 10:10:27
609,CL-LPV,320,X780,CDG,2023-09-04 11:21:27,LHR,2023-09-04 19:04:27
610,GN-RDR,787,G898,SFO,2023-08-31 21:29:27,FRA,2023-09-01 03:01:27
611,VE-QZR,350,U307,AMS,2023-09-01 20:58:27,SFO,2023-09-02 02:24:27
612,IX-IUN,320,D475,JFK,2023-03-30 04:09:27,HEL,2023-03-30 07:02:27
613,AJ-XVC,320,Q516,SFO,2023-07-31 19:09:27,LHR,2023-08-01 05:21:27
614,WI-XZZ,787,B439,AMS,2023-09-13 18:07:27,SFO,2023-09-14 03:22:27
615,XJ-NII,350,U451,OUL,2023-07-29 15:30:27,SFO,2023-07-30 03:20:27
616,GK-JQE,787,Q665,JFK,2024-01-10 18:51:27,FRA,2024-01-11 01:07:27
617,SS-GLC,350,A284,JFK,2023-06-16 19:17:27,DXB,2023-06-17 01:01:27
618,WS-ARI,320,T532,HEL,2023-07-17 18:44:27,LHR,2023-07-17 23:41:27
619,DD-FWM,320,S942,JFK,2023-09-20 20:38:27,OUL,2023-09-21 09:41:27
620,PU-LXP,320,M568,LHR,2024-01-14 15:49:27,JFK,2024-01-15 01:38:27
621,OL-AFA,320,F300,FRA,2023-08-31 23:44:27,AMS,2023-09-01 02:49:27
622,NX-EGT,350,H639,HEL,2023-03-06 04:26:27,JFK,2023-03-06 14:53:27
623,SC-PMK,787,X645,DXB,2023-02-25 08:55:27,HEL,2023-02-25 22:06:27
624,KC-BDB,787,J987,OUL,2024-02-21 09:05:27,DXB,2024-02-21 12:56:27
625,KS-TMG,320,J632,CDG,2023-12-01 17:53:27,OUL,2023-12-02 05:14:27
626,CV-XNU,320,H760,CDG,2023-12-21 21:28:27,OUL,2023-12-22 05:20:27
627,RG-LIP,787,K351,CDG,2023-07-14 10:57:27,OUL,2023-07-14 19:13:27
628,VP-EES,787,Q331,HEL,2023-07-20 12:47:27,HND,2023-07-21 02:15:27
629,FB-SEJ,787,A869,CDG,2024-01-25 06:42:27,OUL,2024-01-25 12:12:27
630,LU-RXW,350,H853,HEL,2023-07-13 15:15:27,FRA,2023-07-14 01:44:27
631,SZ-KIT,320,M193,CDG,2024-02-17 13:54:27,HEL,2024-02-17 18:40:27
632,VH-ASU,320,C851,CDG,2023-12-26 06:52:27,FRA,2023-12-26 14:04:27
633,TV-PHH,320,U592,LHR,2023-04-13 14:12:27,SFO,2023-04-13 22:02:27
634,FU-AHP,320,W914,JFK,2023-05-09 23:51:27,AMS,2023-05-10 05:17:27
635,ED-LSY,320,R280,HND,2023-11-09 00:24:27,SFO,2023-11-09 08:54:27
636,LZ-LXK,320,M870,JFK,2024-01-26 18:32:27,OUL,2024-01-27 00:49:27
637,DI-PWF,350,Q976,AMS,2023-10-28 00:09:27,OUL,2023-10-28 06:59:27
638,TT-UBT,350,Z229,CDG,2023-10-19 17:48:27,HEL,2023-10-20 00:46:27
639,LT-PRT,787,Z642,HEL,2023-05-23 04:14:27,JFK,2023-05-23 17:37:27
640,GM-RMA,350,E276,SFO,2024-02-17 02:29:27,CDG,2024-02-17 16:09:27
641,TP-NUX,350,K342,JFK,2023-07-27 11:50:27,SFO,2023-07-27 14:09:27
642,FD-CLN,320,D914,OUL,2023-09-29 22:27:27,CDG,2023-09-30 01:52:27
643,WO-RCQ,320,P580,OUL,2023-08-25 09:45:27,DXB,2023-08-25 19:19:27
644,QZ-FKJ,320,E609,SFO,2023-09-24 16:22:27,OUL,2023-09-25 06:17:27
645,PO-OKK,787,F758,HND,2023-05-13 08:25:27,SFO,2023-05-13 21:00:27
646,SG-TCA,787,R600,LHR,2023-07-21 14:05:27,SFO,2023-07-21 21:39:27
647,IX-MDF,787,M989,DXB,2023-10-22 23:12:27,HEL,2023-10-23 05:05:27
648,EZ-DBD,350,Q350,HEL,2024-01-12 18:52:27,SFO,2024-01-13 06:17:27
649,XA-NEO,350,I816,LHR,2023-10-27 03:17:27,HND,2023-10-27 17:11:27
650,DV-ODB,787,T574,AMS,2023-06-15 12:07:27,HEL,2023-06-15 20:50:27
651,HW-JIP,787,T702,AMS,2023-10-07 18:04:27,FRA,2023-10-08 06:32:27
652,YK-GHZ,787,H213,SFO,2023-07-13 14:37:27,FRA,2023-07-13 19:54:27
653,WL-KTM,350,I123,FRA,2023-10-11 05:21:27,OUL,2023-10-11 07:43:27
654,EQ-HAS,787,Z418,AMS,2023-04-22 00:53:27,LHR,2023-04-22 09:33:27
655,CU-HFQ,350,O156,SFO,2023-09-19 06:29:27,HND,2023-09-19 08:31:27
656,ND-KNT,320,L269,DXB,2023-05-02 22:19:27,OUL,2023-05-03 10:58:27
657,GD-TJA,787,O488,HEL,2023-08-18 12:44:27,OUL,2023-08-19 01:04:27
658,JV-UTU,787,E467,LHR,2023-04-16 00:22:27,DXB,2023-04-16 08:36:27
659,YP-FRQ,787,X510,OUL,2023-10-17 04:08:27,LHR,2023-10-17 10:26:27
660,BU-PEC,350,U268,OUL,2023-07-20 21:14:27,SFO,2023-07-21 07:46:27
661,AX-JTY,320,W567,AMS,2023-06-06 01:01:27,JFK,2023-06-06 09:46:27
662,DC-UII,320,G706,DXB,2023-03-24 20:29:27,OUL,2023-03-25 01:57:27
663,SK-FBG,787,K763,CDG,2024-01-05 12:23:27,SFO,2024-01-05 17:48:27
664,GE-YZV,320,U780,FRA,2024-02-13 22:15:27,SFO,2024-02-14 10:49:27
665,NV-DLC,787,M954,AMS,2024-01-07 05:41:27,OUL,2024-01-07 14:57:27
666,UA-XBV,350,M328,DXB,2023-08-02 02:01:27,HEL,2023-08-02 08:12:27
667,YY-MPH,787,X746,LHR,2023-09-16 00:31:27,FRA,2023-09-16 09:06:27
668,QV-NYH,350,R376,FRA,2024-02-04 01:39:27,OUL,2024-02-04 10:14:27
669,XE-OKL,320,F523,AMS,2023-11-18 23:16:27,HND,2023-11-19 00:28:27
670,LG-DJC,787,G789,DXB,2023-02-28 00:58:27,HEL,2023-02-28 09:15:27
671,YB-GDN,787,M521,HEL,2023-04-03 10:12:27,AMS,2023-04-03 12:54:27
672,BL-DBE,787,K204,LHR,2023-07-01 11:15:27,FRA,2023-07-01 14:24:27
673,KG-NZL,320,E769,HND,2023-05-12 06:31:27,SFO,2023-05-12 18:49:27
674,KO-YQD,787,R449,HND,2023-12-25 01:24:27,AMS,2023-12-25 05:31:27
675,WG-XRH,320,N872,HND,2024-01-08 03:02:27,HEL,2024-01-08 12:06:27
676,KQ-FIQ,787,E999,HND,2024-01-16 04:58:27,SFO,2024-01-16 17:43:27
677,TS-WNV,787,C261,HND,2024-01-06 09:40:27,JFK,2024-01-06 19:30:27
678,YF-LBC,787,Y262,SFO,2023-09-16 22:01:27,HEL,2023-09-17 04:55:27
679,KD-QEU,320,K291,JFK,2023-10-02 06:17:27,DXB,2023-10-02 08:55:27
680,JS-AIN,320,Y991,OUL,2023-11-13 20:53:27,SFO,2023-11-13 23:24:27
681,OJ-QXS,350,V881,CDG,2023-10-11 13:12:27,FRA,2023-10-12 00:36:27
682,CH-YWL,350,U621,LHR,2023-11-14 14:30:27,DXB,2023-11-14 23:09:27
683,KY-AJW,787,L923,HEL,2023-10-18 10:54:27,SFO,2023-10-18 16:21:27
684,RN-VUU,320,C602,JFK,2023-06-12 19:19:27,CDG,2023-06-13 07:46:27
685,IY-AFZ,787,P438,JFK,2023-09-04 06:48:27,AMS,2023-09-04 09:09:27
686,AA-CKT,320,N974,DXB,2023-04-28 00:48:27,HEL,2023-04-28 11:29:27
687,MW-ECQ,350,M615,AMS,2024-01-21 11:37:27,HND,2024-01-21 15:19:27
688,ON-UCA,320,V777,LHR,2023-04-04 03:05:27,HEL,2023-04-04 10:33:27
689,JN-JOQ,350,F902,AMS,2023-09-25 08:57:27,DXB,2023-09-25 14:08:27
690,ZC-GDY,787,V691,FRA,2023-11-23 17:11:27,HEL,2023-11-24 04:17:27
691,RB-EAC,787,E609,LHR,2023-08-14 09:34:27,HEL,2023-08-14 18:24:27
692,WK-KEW,787,O112,HEL,2023-10-30 13:07:27,LHR,2023-10-30 15:13:27
693,HB-MVS,320,E231,OUL,2023-03-17 17:14:27,CDG,2023-03-17 20:56:27
694,QN-IDM,787,F160,AMS,2023-08-02 23:42:27,CDG,2023-08-03 11:49:27
695,AW-NKZ,787,Q339,OUL,2023-06-26 04:44:27,SFO,2023-06-26 14:19:27
696,HG-BDH,320,I334,LHR,2023-04-28 00:26:27,FRA,2023-04-28 10:28:27
697,MB-XQQ,350,I822,HND,2024-01-23 22:11:27,AMS,2024-01-24 01:29:27
698,AZ-MWL,350,C109,DXB,2023-03-24 10:21:27,CDG,2023-03-24 14:00:27
699,MT-VBW,350,E724,AMS,2023-09-23 00:04:27,FRA,2023-09-23 09:07:27
700,HN-RIM,350,Y685,OUL,2023-08-04 05:41:27,HND,2023-08-04 06:51:27
701,HW-NEE,787,S775,HND,2023-04-09 22:54:27,OUL,2023-04-10 03:18:27
702,VR-ZDB,320,N843,CDG,2023-04-28 04:09:27,JFK,2023-04-28 07:36:27
703,UL-SGF,350,B427,HND,2023-12-25 01:13:27,LHR,2023-12-25 10:30:27
704,OL-QKS,350,S814,LHR,2023-04-03 16:11:27,DXB,2023-04-03 19:31:27
705,HM-USI,787,V929,SFO,2023-10-24 07:58:27,OUL,2023-10-24 19:37:27
706,OC-RPJ,350,P443,HEL,2023-06-15 07:24:27,OUL,2023-06-15 08:47:27
707,TU-QXK,350,O699,HEL,2023-03-11 22:46:27,CDG,2023-03-12 03:49:27
708,LB-RTQ,320,O930,CDG,2024-01-27 13:31:27,LHR,2024-01-27 23:07:27
709,WB-NPA,320,B973,LHR,2023-10-13 02:23:27,FRA,2023-10-13 08:30:27
710,EJ-UWO,350,Q760,AMS,2023-05-15 14:22:27,HND,2023-05-16 02:45:27
711,GW-XSG,787,C436,DXB,2024-01-03 00:01:27,SFO,2024-01-03 02:30:27
712,XF-MBB,320,S210,LHR,2023-12-23 15:51:27,JFK,2023-12-24 03:49:27
713,JH-VLZ,320,T587,CDG,2023-10-12 11:40:27,HND,2023-10-12 23:01:27
714,CT-HNL,350,H964,OUL,2023-11-04 03:15:27,DXB,2023-11-04 07:38:27
715,WP-ACW,320,Z337,HEL,2023-04-02 22:25:27,AMS,2023-04-03 00:54:27
716,JC-VPE,350,H723,HEL,2023-12-17 15:21:27,LHR,2023-12-18 00:30:27
717,VS-HZS,350,S201,DXB,2023-09-30 08:06:27,JFK,2023-09-30 19:43:27
718,VX-PVX,350,B687,DXB,2023-09-20 20:11:27,AMS,2023-09-21 01:21:27
719,SZ-BUV,350,W679,AMS,2023-02-23 13:28:27,HEL,2023-02-24 02:01:27
720,XI-OKW,320,W925,HND,2024-01-28 04:54:27,SFO,2024-01-28 15:12:27
721,FX-VHN,320,E950,FRA,2023-09-27 15:47:27,JFK,2023-09-28 03:32:27
722,FC-ZGM,787,M474,SFO,2023-06-16 16:47:27,AMS,2023-06-16 18:57:27
723,OD-INE,787,W463,OUL,2023-12-16 17:10:27,LHR,2023-12-16 19:33:27
724,MY-GMO,320,Z416,LHR,2023-03-03 13:55:27,FRA,2023-03-03 18:49:27
725,JJ-DJX,787,X255,DXB,2023-11-15 13:18:27,FRA,2023-11-15 22:01:27
726,IS-ZVO,350,T718,FRA,2023-03-16 20:16:27,AMS,2023-03-16 22:56:27
727,QV-AIJ,350,J117,FRA,2023-09-23 22:42:27,SFO,2023-09-24 05:39:27
728,EQ-PVM,350,M260,DXB,2024-01-09 09:00:27,CDG,2024-01-09 14:50:27
729,QN-QWL,320,O250,OUL,2023-07-13 19:48:27,HEL,2023-07-14 05:18:27
730,WQ-ETX,787,R317,CDG,2024-01-22 02:30:27,OUL,2024-01-22 05:51:27
731,HU-JGN,787,Z776,DXB,2023-05-11 14:46:27,HEL,2023-05-11 18:43:27
732,EZ-RHW,320,Z380,HEL,2023-07-22 15:43:27,LHR,2023-07-22 17:45:27
733,LN-VKV,787,Z400,LHR,2023-09-03 06:25:27,OUL,2023-09-03 12:07:27
734,ZN-VQJ,320,R851,CDG,2023-08-21 13:29:27,DXB,2023-08-21 18:27:27
735,MI-KWK,320,F556,JFK,2023-08-01 12:16:27,DXB,2023-08-01 13:28:27
736,IU-PEY,350,X784,HEL,2024-02-07 03:46:27,FRA,2024-02-07 16:38:27
737,YQ-ORX,320,J607,LHR,2023-03-07 20:01:27,HND,2023-03-07 22:02:27
738,VZ-GOO,350,Y574,HEL,2023-10-05 21:14:27,DXB,2023-10-06 00:16:27
739,MO-YVV,787,K828,OUL,2023-12-29 13:43:27,DXB,2023-12-30 01:25:27
740,AW-BSJ,320,T594,AMS,2023-03-15 09:56:27,OUL,2023-03-15 11:07:27
741,ZZ-NNR,350,I916,DXB,2023-05-20 10:56:27,JFK,2023-05-21 00:33:27
742,YX-QVJ,350,I778,OUL,2023-06-06 07:59:27,HEL,2023-06-06 09:53:27
743,YR-IEG,350,N763,OUL,2024-02-15 12:17:27,SFO,2024-02-15 21:47:27
744,PY-PDQ,787,W823,HEL,2024-02-08 15:09:27,FRA,2024-02-09 03:56:27
745,IU-HVP,787,S271,LHR,2023-12-05 04:57:27,FRA,2023-12-05 11:43:27
746,DU-LKU,787,K549,AMS,2023-05-13 12:19:27,OUL,2023-05-13 21:25:27
747,SP-IVH,787,A407,SFO,2023-06-07 04:30:27,DXB,2023-06-07 12:58:27
748,DG-XSQ,350,Z593,JFK,2023-10-05 05:36:27,DXB,2023-10-05 15:40:27
749,ZS-QYW,350,A872,LHR,2023-05-03 12:47:27,JFK,2023-05-04 02:31:27
750,ZP-VAO,320,R217,HEL,2023-07-07 15:57:27,LHR,2023-07-07 22:22:27
751,IW-WZT,350,Z141,DXB,2023-09-08 12:58:27,CDG,2023-09-08 20:17:27
995,G-DIX,320,AY120,OUL,2024-01-30 11:00:00,HEL,2024-01-30 12:30:00
752,MY-UND,350,S592,JFK,2023-09-24 00:48:27,CDG,2023-09-24 13:46:27
753,WM-BBY,320,D120,LHR,2023-10-16 05:34:27,CDG,2023-10-16 16:30:27
754,QI-ICV,320,W498,HND,2024-02-05 23:08:27,AMS,2024-02-06 06:12:27
755,HE-ZEV,320,V166,FRA,2023-09-09 14:10:27,LHR,2023-09-09 15:46:27
756,QC-IGI,350,Y708,FRA,2023-08-29 18:25:27,DXB,2023-08-29 21:57:27
757,JU-VDX,320,T393,HND,2023-07-25 05:07:27,FRA,2023-07-25 09:51:27
758,WE-RGE,350,L174,AMS,2023-05-22 20:11:27,JFK,2023-05-22 23:13:27
759,DA-VWI,350,K891,FRA,2023-06-15 09:38:27,HND,2023-06-15 17:00:27
760,YC-AFV,787,W380,SFO,2023-07-09 14:20:27,JFK,2023-07-09 20:56:27
761,OY-QTO,350,I357,DXB,2023-12-12 03:55:27,LHR,2023-12-12 07:42:27
762,XA-QWF,320,S605,FRA,2023-12-10 01:37:27,AMS,2023-12-10 09:18:27
763,KB-HHZ,320,Q548,HND,2023-05-12 18:18:27,LHR,2023-05-12 19:53:27
764,CJ-XSO,350,I669,DXB,2023-05-22 06:25:27,HND,2023-05-22 17:02:27
765,EV-VCX,350,A849,SFO,2023-12-16 04:16:27,JFK,2023-12-16 17:20:27
766,KM-IAP,350,L152,JFK,2024-02-20 12:01:27,HND,2024-02-21 00:19:27
767,WM-XQZ,320,X329,HEL,2023-11-13 15:07:27,AMS,2023-11-13 18:15:27
768,LA-GLV,787,Q620,LHR,2024-02-03 10:14:27,JFK,2024-02-03 19:01:27
769,CC-ODE,787,E759,HEL,2023-05-16 09:01:27,FRA,2023-05-16 17:14:27
770,ZP-KSN,320,V561,SFO,2023-04-08 17:08:27,AMS,2023-04-09 04:30:27
771,UL-TLY,320,N819,AMS,2023-06-13 09:49:27,HEL,2023-06-13 22:21:27
772,SP-YGY,787,L607,HND,2023-06-19 03:13:27,SFO,2023-06-19 05:10:27
773,MH-XJD,350,V273,JFK,2023-03-23 23:49:27,SFO,2023-03-24 11:14:27
774,SZ-JIT,787,R125,HND,2023-06-15 17:26:27,AMS,2023-06-16 07:24:27
775,KE-IQC,787,T640,HND,2023-04-20 21:58:27,HEL,2023-04-20 23:56:27
776,EV-JOZ,787,Q794,DXB,2023-11-19 20:43:27,OUL,2023-11-20 08:27:27
777,JS-YYC,320,E605,HND,2023-11-19 09:45:27,JFK,2023-11-19 11:23:27
778,PD-XBP,787,B405,HND,2023-12-17 11:43:27,LHR,2023-12-17 12:56:27
779,SL-KRP,787,T910,CDG,2023-03-10 17:52:27,LHR,2023-03-10 23:29:27
780,YC-CAR,350,J393,SFO,2023-09-16 08:36:27,DXB,2023-09-16 12:59:27
781,KU-SXS,320,U990,CDG,2023-03-27 19:45:27,HND,2023-03-27 20:57:27
782,LY-GSM,787,I132,SFO,2023-03-13 08:34:27,DXB,2023-03-13 12:27:27
783,SY-AMU,350,Y286,CDG,2023-06-30 09:00:27,HND,2023-06-30 18:18:27
784,VT-JRJ,320,D329,LHR,2024-01-16 11:35:27,FRA,2024-01-16 23:00:27
785,UW-PRD,787,L517,AMS,2023-03-18 20:00:27,FRA,2023-03-19 02:47:27
786,SB-JZH,350,G373,LHR,2023-06-01 21:14:27,CDG,2023-06-02 11:08:27
787,JF-GNK,350,T670,FRA,2024-01-14 13:38:27,AMS,2024-01-14 17:32:27
788,LQ-YNM,350,G892,LHR,2024-01-10 20:01:27,DXB,2024-01-11 08:34:27
789,PU-AXR,320,O156,OUL,2023-03-30 05:07:27,HEL,2023-03-30 09:41:27
999,C-RIB,320,AY123,AMS,2023-05-08 11:00:00,HEL,2023-05-08 14:30:00
790,FR-ZUW,787,H958,SFO,2023-07-11 15:03:27,DXB,2023-07-11 18:58:27
791,DY-OHX,787,Z307,HND,2023-02-24 13:34:27,SFO,2023-02-25 01:17:27
792,IJ-PFU,320,V351,SFO,2023-07-27 21:55:27,HEL,2023-07-28 03:39:27
793,EZ-OAW,320,D109,JFK,2023-03-04 21:41:27,AMS,2023-03-05 00:28:27
794,RB-IHF,350,D493,HEL,2023-10-26 11:30:27,FRA,2023-10-26 16:58:27
795,DM-QZH,787,E172,DXB,2023-06-09 22:09:27,JFK,2023-06-10 09:57:27
796,KU-ZFZ,350,I154,HEL,2023-08-05 11:24:27,CDG,2023-08-05 13:14:27
797,ON-JCQ,787,T833,OUL,2023-03-06 19:38:27,FRA,2023-03-07 00:58:27
798,MY-SEH,787,S159,DXB,2023-11-15 10:47:27,HND,2023-11-15 14:52:27
799,QO-DZQ,320,O801,HND,2023-07-15 18:33:27,JFK,2023-07-16 05:25:27
800,XJ-AUY,320,X681,LHR,2023-07-18 19:31:27,CDG,2023-07-18 21:26:27
801,OW-EQE,787,X120,SFO,2023-09-14 12:39:27,FRA,2023-09-14 19:02:27
802,XJ-AUJ,787,E666,LHR,2023-05-01 16:09:27,DXB,2023-05-01 20:29:27
803,BD-OON,320,R520,OUL,2023-08-12 10:00:27,HND,2023-08-12 11:02:27
804,OK-PVC,320,C615,DXB,2023-10-18 15:01:27,OUL,2023-10-19 02:41:27
805,PP-DTP,350,M877,JFK,2023-09-30 13:18:27,HND,2023-09-30 18:24:27
806,KM-WLT,350,V754,LHR,2023-03-04 00:00:27,FRA,2023-03-04 13:37:27
807,MR-WNO,787,K825,HND,2023-08-31 10:29:27,CDG,2023-08-31 22:30:27
808,IS-IKP,320,Z190,DXB,2023-09-24 17:56:27,HEL,2023-09-25 04:20:27
809,HF-RBW,320,O961,FRA,2023-09-24 23:38:27,AMS,2023-09-25 04:31:27
810,RQ-AAK,320,D689,HEL,2023-03-05 02:36:27,DXB,2023-03-05 11:27:27
811,TQ-KQE,350,M905,DXB,2023-06-04 23:51:27,OUL,2023-06-05 02:35:27
812,ZI-PRP,320,U824,DXB,2023-02-27 23:42:27,SFO,2023-02-28 05:44:27
813,DC-IDG,350,R946,AMS,2024-02-05 15:26:27,LHR,2024-02-06 04:35:27
814,PS-JDZ,350,X890,SFO,2023-05-08 17:40:27,AMS,2023-05-08 23:16:27
815,KC-PXB,350,X193,AMS,2023-07-30 13:52:27,LHR,2023-07-30 17:17:27
816,QB-MFV,320,G136,HND,2023-08-07 19:35:27,LHR,2023-08-08 04:47:27
817,XM-BQS,350,K928,DXB,2023-10-02 01:25:27,AMS,2023-10-02 05:41:27
818,JF-PHZ,787,N108,AMS,2023-06-21 23:52:27,HEL,2023-06-22 12:35:27
819,PW-SFS,787,S783,HEL,2023-12-10 23:20:27,JFK,2023-12-11 12:30:27
820,CK-BQD,350,K578,AMS,2023-04-19 23:14:27,CDG,2023-04-20 01:43:27
821,RS-VQJ,350,R448,SFO,2023-03-09 03:32:27,OUL,2023-03-09 12:47:27
822,NT-LII,350,S355,FRA,2023-04-18 10:24:27,DXB,2023-04-18 15:07:27
823,MP-YXC,787,B399,FRA,2023-10-21 08:11:27,JFK,2023-10-21 22:01:27
824,ZD-SGZ,320,F223,HND,2023-03-25 07:49:27,HEL,2023-03-25 21:29:27
825,SV-ETF,787,B766,AMS,2024-01-20 22:52:27,HND,2024-01-21 09:35:27
826,MI-JAA,350,N991,JFK,2023-12-29 06:08:27,SFO,2023-12-29 15:21:27
827,AF-BLK,350,W369,HEL,2023-11-12 18:27:27,FRA,2023-11-13 06:15:27
828,FG-KTS,350,X908,HND,2023-12-09 18:41:27,OUL,2023-12-10 07:46:27
829,KV-PZX,350,H984,FRA,2023-08-25 04:34:27,HND,2023-08-25 13:02:27
830,XT-HLL,320,L496,OUL,2023-09-03 03:18:27,LHR,2023-09-03 07:32:27
831,TI-SBH,787,L681,FRA,2023-07-19 23:08:27,DXB,2023-07-20 07:45:27
832,IV-PDE,320,Y414,OUL,2023-07-21 23:07:27,LHR,2023-07-22 08:31:27
833,TG-QHT,787,Y906,FRA,2023-09-22 11:27:27,SFO,2023-09-22 14:22:27
834,QU-RGG,320,A990,AMS,2024-02-05 07:45:27,OUL,2024-02-05 15:47:27
835,TL-THW,787,R640,HND,2023-12-15 11:33:27,JFK,2023-12-15 22:29:27
836,BP-OHV,320,D865,JFK,2024-01-07 12:22:27,LHR,2024-01-07 18:50:27
837,GK-KCN,320,O329,HEL,2023-06-15 04:42:27,JFK,2023-06-15 13:58:27
838,SC-QYL,787,G552,HND,2023-03-08 20:29:27,FRA,2023-03-09 07:01:27
839,QY-RDN,320,W798,FRA,2023-07-28 06:06:27,JFK,2023-07-28 16:08:27
840,JK-CZN,787,L677,LHR,2023-11-03 19:16:27,DXB,2023-11-03 23:59:27
841,ET-VBH,350,X421,SFO,2023-03-08 03:06:27,DXB,2023-03-08 11:08:27
998,C-RIB,320,AY123,HEL,2023-05-08 08:00:00,AMS,2023-05-08 11:30:00
842,LT-PAF,350,G725,SFO,2023-09-17 05:08:27,LHR,2023-09-17 12:56:27
843,HA-CZV,320,V164,SFO,2024-02-12 12:09:27,FRA,2024-02-12 20:58:27
844,UF-DVH,350,Y327,SFO,2024-02-18 05:29:27,FRA,2024-02-18 17:19:27
845,LO-ZEK,350,B615,LHR,2024-02-21 12:11:27,AMS,2024-02-22 01:43:27
846,ND-DOM,787,W611,JFK,2023-11-27 00:45:27,AMS,2023-11-27 12:12:27
847,HN-JSK,320,N995,HND,2023-03-31 06:11:27,HEL,2023-03-31 17:24:27
848,AW-ECR,787,I126,OUL,2023-11-17 02:18:27,JFK,2023-11-17 10:35:27
849,VC-EXS,787,T480,HEL,2023-06-29 10:25:27,DXB,2023-06-29 15:45:27
850,QH-BGX,787,X769,CDG,2023-09-25 03:02:27,OUL,2023-09-25 06:21:27
851,UO-TJS,787,U373,DXB,2024-01-11 04:18:27,JFK,2024-01-11 14:43:27
852,ML-UZX,787,S918,FRA,2023-06-21 18:04:27,HEL,2023-06-21 23:41:27
853,RJ-JCN,787,J250,HND,2023-05-06 06:20:27,LHR,2023-05-06 14:06:27
854,FO-HHT,787,Q463,SFO,2024-01-12 01:25:27,AMS,2024-01-12 07:52:27
855,TI-DUU,350,Y766,OUL,2023-04-07 16:05:27,CDG,2023-04-07 18:43:27
856,XO-JVG,350,Y195,AMS,2024-01-21 17:53:27,LHR,2024-01-22 05:19:27
857,IN-AGF,787,Q194,JFK,2023-05-11 17:27:27,AMS,2023-05-12 04:02:27
858,IT-EUL,350,M121,LHR,2023-07-04 15:25:27,AMS,2023-07-05 01:34:27
859,CK-RBP,320,P874,HEL,2023-03-10 07:47:27,OUL,2023-03-10 17:51:27
860,QC-MSG,350,K348,CDG,2023-08-10 09:43:27,JFK,2023-08-10 17:48:27
861,RW-WWP,320,I968,HEL,2024-01-28 12:13:27,AMS,2024-01-28 15:26:27
862,UD-SKD,787,H651,CDG,2023-07-07 13:28:27,LHR,2023-07-07 18:07:27
863,DK-GOY,350,K513,HEL,2023-04-11 11:36:27,SFO,2023-04-11 14:13:27
864,MH-ISM,787,W815,AMS,2023-06-23 13:35:27,CDG,2023-06-23 15:40:27
865,TQ-RTW,350,R795,HND,2023-12-27 12:44:27,FRA,2023-12-27 20:28:27
866,KK-FTP,350,H136,OUL,2023-09-09 21:41:27,SFO,2023-09-10 08:08:27
867,XH-VXF,787,Y478,CDG,2023-10-27 20:50:27,HND,2023-10-28 04:00:27
868,WO-FLO,350,W544,AMS,2023-05-10 13:14:27,HND,2023-05-10 16:07:27
869,UO-HYC,320,D989,LHR,2023-10-24 19:01:27,FRA,2023-10-25 00:31:27
870,NW-OFP,350,O709,SFO,2023-03-08 01:13:27,OUL,2023-03-08 04:24:27
871,CP-DRD,350,R703,SFO,2023-06-11 14:42:27,LHR,2023-06-11 17:37:27
872,GF-GLV,320,Q457,LHR,2023-11-28 16:51:27,DXB,2023-11-29 04:08:27
873,LI-DIQ,787,B992,OUL,2023-04-14 05:26:27,HND,2023-04-14 15:46:27
874,ES-LCN,787,W676,FRA,2023-05-07 00:31:27,DXB,2023-05-07 09:24:27
875,EM-IJH,320,V666,FRA,2023-12-04 20:30:27,OUL,2023-12-05 02:12:27
876,AW-JYS,787,P215,FRA,2023-03-17 08:07:27,OUL,2023-03-17 09:08:27
877,US-ZPN,787,Z583,HND,2023-03-03 17:45:27,LHR,2023-03-03 23:00:27
878,OB-PAE,320,O120,CDG,2024-02-02 00:02:27,SFO,2024-02-02 10:38:27
879,SD-YFE,320,P654,SFO,2023-05-05 21:57:27,HND,2023-05-06 04:55:27
880,BO-EFE,787,J438,JFK,2023-08-11 15:41:27,OUL,2023-08-11 18:23:27
881,JA-IAJ,320,P957,HEL,2023-05-10 02:51:27,AMS,2023-05-10 06:03:27
882,EY-AFJ,787,C189,SFO,2023-10-20 11:32:27,AMS,2023-10-20 21:36:27
883,ER-BIT,320,L950,SFO,2023-07-31 09:35:27,FRA,2023-07-31 13:28:27
884,WV-FPS,787,D575,DXB,2023-06-09 05:40:27,HEL,2023-06-09 11:32:27
885,HA-ZNR,787,A284,DXB,2023-08-06 12:48:27,LHR,2023-08-07 01:30:27
886,LI-DXV,787,N212,JFK,2023-10-01 09:49:27,SFO,2023-10-01 19:54:27
887,DS-BTR,320,J596,HND,2024-01-02 19:33:27,LHR,2024-01-03 05:39:27
888,RT-EDN,787,O401,LHR,2023-06-21 07:40:27,SFO,2023-06-21 15:49:27
889,RO-IVA,787,W263,JFK,2023-05-23 08:55:27,CDG,2023-05-23 14:34:27
890,WZ-WEZ,350,F920,AMS,2023-12-03 23:48:27,FRA,2023-12-04 06:35:27
891,KV-FIK,350,H944,HND,2024-02-21 03:09:27,OUL,2024-02-21 09:57:27
892,BY-UAW,350,Z324,AMS,2023-10-20 13:08:27,CDG,2023-10-21 00:11:27
893,GW-DED,350,K817,JFK,2023-12-25 21:20:27,DXB,2023-12-25 22:41:27
894,EX-VTI,320,U348,FRA,2023-06-22 06:53:27,CDG,2023-06-22 13:15:27
895,GW-LKK,320,C300,FRA,2023-05-05 07:17:27,SFO,2023-05-05 13:35:27
896,SH-IQI,787,D338,DXB,2023-03-26 16:59:27,FRA,2023-03-27 05:48:27
897,EP-BAA,787,Z817,SFO,2023-07-26 03:35:27,FRA,2023-07-26 08:09:27
898,HV-MBD,350,S957,SFO,2023-10-20 02:10:27,AMS,2023-10-20 05:58:27
899,NE-KRC,787,C984,HND,2023-08-03 22:17:27,JFK,2023-08-04 11:41:27
900,TB-NHV,320,W462,SFO,2023-04-15 04:01:27,CDG,2023-04-15 06:33:27
901,BX-HMG,320,W763,DXB,2023-12-11 11:39:27,HND,2023-12-11 13:27:27
902,JR-KQT,350,B735,FRA,2023-04-06 09:37:27,HEL,2023-04-06 23:14:27
903,SW-ZOO,350,P400,FRA,2023-03-04 04:13:27,OUL,2023-03-04 15:09:27
904,EZ-QPG,787,U577,AMS,2024-01-30 02:49:27,SFO,2024-01-30 12:54:27
905,AZ-UHK,320,L386,HEL,2023-10-06 05:42:27,AMS,2023-10-06 14:31:27
906,BV-QDD,787,N417,OUL,2023-03-08 09:43:27,JFK,2023-03-08 12:05:27
907,PM-XLS,350,K774,CDG,2023-03-08 13:39:27,OUL,2023-03-08 16:53:27
908,HH-YUB,350,R226,FRA,2023-11-20 09:41:27,AMS,2023-11-20 21:56:27
909,NG-SGW,320,P690,CDG,2024-01-27 12:07:27,AMS,2024-01-27 18:32:27
910,WH-UJV,320,A875,JFK,2023-11-05 19:39:27,HND,2023-11-06 01:47:27
911,TC-HYQ,350,V354,HND,2023-08-29 18:24:27,FRA,2023-08-29 22:49:27
912,TW-GCH,787,R975,DXB,2023-02-27 12:08:27,OUL,2023-02-28 01:48:27
913,FE-AHS,350,P110,JFK,2023-03-05 02:30:27,HND,2023-03-05 10:53:27
914,BY-ZAG,350,D727,OUL,2023-10-20 21:16:27,HEL,2023-10-21 05:03:27
915,RF-MOA,350,V986,HND,2023-08-29 04:22:27,SFO,2023-08-29 09:10:27
916,CA-ZWY,320,Y891,AMS,2023-03-22 15:24:27,FRA,2023-03-22 22:37:27
917,QV-XPN,320,S698,AMS,2024-02-18 13:46:27,DXB,2024-02-19 02:39:27
918,AT-IHS,320,O519,CDG,2023-10-15 21:10:27,HND,2023-10-15 23:26:27
919,ID-QAA,350,Z266,SFO,2024-02-11 13:08:27,HND,2024-02-12 00:14:27
920,SV-ZMJ,320,I100,LHR,2023-11-24 12:45:27,HEL,2023-11-24 22:22:27
921,AL-ZGP,320,L258,OUL,2023-07-19 05:59:27,DXB,2023-07-19 15:32:27
922,LG-WJZ,320,R860,FRA,2023-07-02 21:10:27,JFK,2023-07-03 06:30:27
923,SC-XIK,787,D626,SFO,2024-01-01 18:42:27,HND,2024-01-02 00:40:27
924,QS-LGW,320,C729,HEL,2023-12-28 23:33:27,FRA,2023-12-29 06:51:27
925,ZK-JOU,350,L405,SFO,2023-06-30 13:08:27,LHR,2023-06-30 22:07:27
926,VV-XTH,787,O811,JFK,2023-12-02 19:31:27,CDG,2023-12-03 03:28:27
927,YG-IUN,320,V354,HEL,2023-11-17 20:07:27,SFO,2023-11-17 23:15:27
928,OL-QOE,350,R929,CDG,2023-03-22 00:29:27,SFO,2023-03-22 12:52:27
929,SU-DVQ,787,Q447,HEL,2023-12-31 23:43:27,CDG,2024-01-01 03:42:27
930,TM-LYG,320,T152,FRA,2023-03-29 03:51:27,DXB,2023-03-29 06:23:27
931,IN-LIR,350,I243,LHR,2023-10-28 21:17:27,JFK,2023-10-29 03:07:27
932,EN-XPZ,350,G649,SFO,2023-05-14 00:54:27,OUL,2023-05-14 11:26:27
933,TE-PQR,787,M507,HEL,2023-09-08 08:03:27,DXB,2023-09-08 14:42:27
934,UL-FGB,320,C362,AMS,2023-03-31 09:25:27,HEL,2023-03-31 12:28:27
935,AC-ZJX,787,R698,CDG,2024-01-08 17:43:27,LHR,2024-01-09 07:32:27
936,JT-NEA,787,G466,DXB,2023-10-13 08:52:27,SFO,2023-10-13 14:14:27
937,SV-NOS,350,D966,OUL,2024-02-08 22:43:27,SFO,2024-02-09 03:45:27
938,TU-IKB,350,Z995,OUL,2023-07-06 15:30:27,JFK,2023-07-07 03:28:27
939,ZW-QZD,320,K775,FRA,2023-10-15 23:22:27,AMS,2023-10-16 11:34:27
940,AI-BMV,787,B922,JFK,2023-03-28 00:13:27,LHR,2023-03-28 13:42:27
941,ON-QDG,350,K377,DXB,2023-09-10 19:55:27,HND,2023-09-11 08:34:27
942,KW-AOX,350,I653,SFO,2024-01-10 00:12:27,LHR,2024-01-10 04:50:27
943,JU-UKY,320,K396,AMS,2023-12-06 05:11:27,JFK,2023-12-06 15:32:27
944,FR-RFT,787,U706,OUL,2023-10-12 08:46:27,DXB,2023-10-12 18:01:27
945,BA-YMO,350,W466,DXB,2024-02-05 07:53:27,JFK,2024-02-05 12:12:27
946,QN-QIK,787,C898,FRA,2023-10-13 16:07:27,AMS,2023-10-14 02:09:27
947,MR-LBY,787,C631,HEL,2023-04-19 05:34:27,CDG,2023-04-19 14:20:27
948,UJ-QCM,350,H336,DXB,2023-04-17 14:46:27,SFO,2023-04-18 01:27:27
949,XZ-OFA,787,G845,CDG,2023-07-19 11:26:27,FRA,2023-07-19 19:38:27
950,AO-HYK,787,Z665,HND,2023-06-18 12:11:27,LHR,2023-06-18 16:07:27
951,VN-BZV,320,Z970,OUL,2023-07-05 13:19:27,SFO,2023-07-06 02:32:27
952,JQ-QBB,787,S411,JFK,2023-08-31 13:50:27,AMS,2023-09-01 01:25:27
953,DW-ACP,320,L302,DXB,2023-07-15 08:07:27,OUL,2023-07-15 09:35:27
954,ZB-TDJ,350,V251,DXB,2023-08-30 04:16:27,JFK,2023-08-30 13:59:27
955,WS-XUL,787,Y676,JFK,2023-04-08 06:28:27,CDG,2023-04-08 08:16:27
956,MV-TKF,787,U252,AMS,2023-06-16 14:58:27,HND,2023-06-16 16:33:27
957,UW-CWM,787,S736,HEL,2023-10-28 04:28:27,JFK,2023-10-28 11:06:27
958,OQ-JZZ,787,E714,AMS,2023-06-01 16:31:27,DXB,2023-06-01 19:05:27
959,FV-SIS,787,J319,HND,2023-09-03 02:21:27,DXB,2023-09-03 11:52:27
960,HU-CWV,350,L278,LHR,2023-07-17 19:15:27,HND,2023-07-17 22:45:27
961,UW-QWZ,350,W676,AMS,2023-12-07 21:39:27,DXB,2023-12-08 01:09:27
962,LZ-EXK,787,M504,FRA,2023-07-01 01:59:27,CDG,2023-07-01 03:53:27
963,DN-CLP,320,V627,SFO,2023-08-04 18:56:27,FRA,2023-08-05 08:31:27
964,BJ-OSZ,350,S828,DXB,2024-01-17 19:03:27,JFK,2024-01-18 06:50:27
965,BY-ENR,350,Z279,CDG,2023-11-01 19:04:27,DXB,2023-11-01 22:46:27
966,MH-PIV,320,K295,LHR,2023-09-02 00:02:27,AMS,2023-09-02 09:54:27
967,RS-QNJ,787,G606,OUL,2023-05-01 13:37:27,HND,2023-05-01 20:06:27
968,FM-UMG,350,Y967,SFO,2023-12-24 23:57:27,JFK,2023-12-25 12:47:27
969,OA-WWT,787,W490,CDG,2023-10-07 01:03:27,HEL,2023-10-07 14:02:27
970,NS-AZJ,350,O457,DXB,2023-08-07 21:30:27,CDG,2023-08-08 02:06:27
971,VC-FPW,787,F306,DXB,2023-04-20 19:44:27,CDG,2023-04-21 06:35:27
972,NJ-HXR,350,R810,OUL,2023-08-28 16:45:27,HND,2023-08-29 00:51:27
973,HM-BRT,320,D295,LHR,2023-07-22 18:07:27,DXB,2023-07-22 20:44:27
974,WK-VAX,787,K111,AMS,2023-03-23 11:51:27,DXB,2023-03-23 21:12:27
975,RE-OPE,350,W707,HND,2024-01-16 02:53:27,CDG,2024-01-16 11:04:27
1000,C-RIB,320,AY123,HEL,2023-05-08 14:00:00,AMS,2023-05-08 17:30:00
976,IM-NCS,350,R812,LHR,2023-05-16 14:29:27,HND,2023-05-17 02:20:27
977,UH-CVM,320,B538,SFO,2023-12-21 16:19:27,OUL,2023-12-22 01:13:27
978,AP-REG,787,M783,OUL,2023-05-13 14:56:27,LHR,2023-05-13 18:19:27
979,AR-JUA,320,T221,JFK,2023-11-27 18:43:27,FRA,2023-11-27 20:54:27
980,BB-PSL,320,P618,CDG,2023-11-09 01:33:27,HEL,2023-11-09 15:13:27
981,WA-TXX,350,Q646,LHR,2023-03-15 00:54:27,OUL,2023-03-15 08:56:27
982,LA-SHM,320,L294,DXB,2023-12-07 22:11:27,FRA,2023-12-08 11:01:27
983,VZ-GQY,350,A971,CDG,2023-09-18 00:44:27,HEL,2023-09-18 14:20:27
984,KH-FZL,350,T416,HEL,2023-07-12 09:39:27,CDG,2023-07-12 11:27:27
985,MJ-SOP,787,S235,FRA,2023-12-30 03:52:27,HEL,2023-12-30 17:48:27
986,VK-SIT,320,L448,FRA,2023-09-13 23:41:27,HEL,2023-09-14 03:16:27
987,IJ-IKS,320,U140,CDG,2023-11-16 13:15:27,DXB,2023-11-16 18:17:27
988,NF-JGA,320,E473,LHR,2023-02-27 02:52:27,HND,2023-02-27 10:04:27
989,SK-OTO,320,L898,DXB,2023-04-27 12:43:27,FRA,2023-04-27 17:17:27
990,OW-KDV,350,T418,CDG,2023-11-20 01:48:27,HND,2023-11-20 14:32:27
991,HX-NVI,320,Y438,LHR,2023-10-21 07:31:27,CDG,2023-10-21 18:22:27
992,FG-XIQ,787,U260,LHR,2023-10-02 21:56:27,CDG,2023-10-03 01:53:27
993,IY-ZEQ,350,V102,LHR,2023-02-27 21:17:27,AMS,2023-02-28 05:42:27
